image,dmos
i06_16_3.bmp,0.564814444
i07_15_3.bmp,0.33838333299999995
i08_02_1.bmp,0.6215277779999999
i10_04_4.bmp,0.529914444
i13_20_2.bmp,0.566137778
i07_01_4.bmp,0.49495
i17_08_4.bmp,0.41310555600000004
i09_13_4.bmp,0.313131111
i08_18_1.bmp,0.472222222
i24_24_5.bmp,0.046296667
i18_20_4.bmp,0.48509444399999996
i07_03_2.bmp,0.469696667
i18_14_3.bmp,0.46612444399999997
i20_18_5.bmp,0.45614
i15_17_5.bmp,0.424691111
i09_08_4.bmp,0.387205556
i05_04_3.bmp,0.619444444
i09_18_4.bmp,0.368055556
i15_11_2.bmp,0.488888889
i06_20_4.bmp,0.54955
i05_11_5.bmp,0.25
i21_10_2.bmp,0.653438889
i05_18_1.bmp,0.530555556
i03_17_5.bmp,0.421652222
i12_13_2.bmp,0.507507778
i17_22_2.bmp,0.623931111
i04_18_4.bmp,0.4709
i16_24_3.bmp,0.293447778
i13_22_4.bmp,0.32558111100000003
i22_22_3.bmp,0.5441600000000001
i10_10_2.bmp,0.646198889
i14_24_1.bmp,0.6816822220000001
i02_02_2.bmp,0.672672222
i09_23_5.bmp,0.319444444
i13_22_1.bmp,0.603174444
i09_02_4.bmp,0.541666667
i24_10_2.bmp,0.647618889
i15_07_3.bmp,0.401515556
i01_20_3.bmp,0.669753333
i16_01_3.bmp,0.55848
i08_01_2.bmp,0.523297778
i03_22_3.bmp,0.5811966670000001
i21_24_1.bmp,0.6537466670000001
i19_15_1.bmp,0.320987778
i16_21_4.bmp,0.41880333299999994
i10_22_3.bmp,0.498498889
i04_13_4.bmp,0.384823333
i02_09_3.bmp,0.503086667
i22_19_3.bmp,0.518518889
i04_06_2.bmp,0.506775556
i15_24_4.bmp,0.20959555600000002
i21_14_5.bmp,0.405684444
i23_04_1.bmp,0.624183333
i01_01_3.bmp,0.549382222
i17_07_1.bmp,0.635327778
i07_17_3.bmp,0.48941777799999997
i08_19_5.bmp,0.399305556
i17_02_5.bmp,0.49857555600000003
i22_05_5.bmp,0.353801111
i12_20_5.bmp,0.311728889
i10_24_5.bmp,0.040935556
i17_11_3.bmp,0.42735
i18_11_2.bmp,0.611111111
i17_08_5.bmp,0.327777778
i20_18_3.bmp,0.5
i20_21_1.bmp,0.616958889
i19_11_3.bmp,0.502924444
i24_20_5.bmp,0.39047666700000006
i16_20_4.bmp,0.45833333299999995
i19_21_2.bmp,0.573573333
i06_16_1.bmp,0.618618889
i09_16_2.bmp,0.7003366670000001
i23_11_5.bmp,0.091503333
i03_18_4.bmp,0.5555555560000001
i25_04_5.bmp,0.581698889
i04_04_5.bmp,0.534391111
i08_15_1.bmp,0.419354444
i20_17_5.bmp,0.393162222
i19_19_1.bmp,0.6156155560000001
i23_24_3.bmp,0.40849666700000004
i14_22_1.bmp,0.600601111
i10_02_1.bmp,0.672672222
i01_14_1.bmp,0.6327155560000001
i04_12_2.bmp,0.5158733329999999
i01_08_3.bmp,0.38738777799999996
i15_20_2.bmp,0.62716
i04_09_1.bmp,0.7089944440000001
i07_02_5.bmp,0.528395556
i16_10_3.bmp,0.584045556
i13_22_5.bmp,0.268733333
i17_08_2.bmp,0.580555556
i02_24_1.bmp,0.675675556
i07_09_2.bmp,0.669135556
i02_11_3.bmp,0.33033
i13_10_5.bmp,0.129198889
i17_09_5.bmp,0.273273333
i19_10_4.bmp,0.333333333
I04_11_1.BMP,0.588888889
i24_20_2.bmp,0.623456667
i18_15_2.bmp,0.371273333
i13_19_2.bmp,0.584655556
i06_04_5.bmp,0.5092588889999999
i01_08_4.bmp,0.333333333
i02_24_4.bmp,0.234567778
i04_10_5.bmp,0.243386667
i12_02_1.bmp,0.675675556
i03_01_3.bmp,0.520467778
i06_05_2.bmp,0.634921111
i13_23_2.bmp,0.599483333
i16_24_2.bmp,0.450292222
i11_21_3.bmp,0.48949
i09_22_3.bmp,0.611111111
i22_11_5.bmp,0.09649111099999999
i06_02_3.bmp,0.606606667
i05_11_4.bmp,0.40740777799999994
i22_18_4.bmp,0.418128889
i10_19_4.bmp,0.468468889
i20_21_4.bmp,0.36036
i08_02_5.bmp,0.516128889
i16_01_2.bmp,0.627777778
i21_16_5.bmp,0.5193800000000001
i06_23_1.bmp,0.6571433329999999
i13_18_4.bmp,0.31623888899999997
i02_23_4.bmp,0.24024
i04_18_3.bmp,0.518518889
i17_15_5.bmp,0.444444444
i20_23_1.bmp,0.660968889
i16_22_3.bmp,0.54955
i21_17_3.bmp,0.484126667
i07_15_2.bmp,0.36543222200000003
I13_11_1.BMP,0.591731111
i14_01_4.bmp,0.479365556
i23_21_2.bmp,0.53268
i09_16_1.bmp,0.6734011109999999
i19_07_5.bmp,0.289473333
i14_20_2.bmp,0.6216211110000001
i25_16_4.bmp,0.6172844439999999
i09_24_4.bmp,0.225588889
i17_13_2.bmp,0.494444444
i09_19_5.bmp,0.387205556
i14_10_4.bmp,0.33950666700000004
i19_22_5.bmp,0.306306667
i13_17_5.bmp,0.287263333
i16_16_2.bmp,0.6972222220000001
i10_07_4.bmp,0.444444444
i23_10_5.bmp,0.26666666699999997
i18_08_4.bmp,0.33862444399999997
i20_15_4.bmp,0.433048889
i06_01_4.bmp,0.479365556
i12_04_1.bmp,0.6576577779999999
i05_03_3.bmp,0.40833333299999997
i12_18_5.bmp,0.47747777799999996
i25_18_1.bmp,0.623456667
i21_15_5.bmp,0.41269888899999996
I09_13_1.BMP,0.501683333
i22_02_3.bmp,0.608186667
i24_02_4.bmp,0.565078889
i07_07_1.bmp,0.620155556
i11_03_2.bmp,0.49249222200000004
i23_21_1.bmp,0.622222222
i06_15_5.bmp,0.5370366670000001
i22_16_3.bmp,0.6723644440000001
i11_01_4.bmp,0.47618999999999995
i08_17_2.bmp,0.620072222
i20_22_2.bmp,0.567251111
i21_02_4.bmp,0.534883333
i04_10_3.bmp,0.563492222
i09_12_1.bmp,0.6734011109999999
i24_08_3.bmp,0.45079333299999996
i18_11_4.bmp,0.34126999999999996
i08_08_4.bmp,0.318996667
i01_17_1.bmp,0.5945944439999999
i05_16_3.bmp,0.620596667
i01_04_1.bmp,0.663492222
i12_16_4.bmp,0.679012222
i21_06_2.bmp,0.48677222200000003
i10_09_5.bmp,0.253561111
i01_02_3.bmp,0.598765556
i10_08_4.bmp,0.38888888899999996
i23_13_5.bmp,0.287582222
i23_03_5.bmp,0.297385556
i23_18_5.bmp,0.486927778
I10_01_1.bmp,0.635327778
i19_24_4.bmp,0.27777777800000003
i03_24_3.bmp,0.313888889
i25_14_2.bmp,0.571428889
i11_19_3.bmp,0.516516667
i20_23_3.bmp,0.646723333
i14_10_2.bmp,0.574074444
i06_10_5.bmp,0.197531111
i22_24_5.bmp,0.040935556
i15_16_4.bmp,0.598484444
i09_15_3.bmp,0.36111111100000004
i08_16_2.bmp,0.638888889
i08_07_3.bmp,0.462963333
i14_10_3.bmp,0.472222222
i16_11_5.bmp,0.105555556
i01_10_5.bmp,0.23123111100000002
i23_15_3.bmp,0.361904444
i07_22_5.bmp,0.295454444
i01_09_2.bmp,0.574074444
i11_08_2.bmp,0.5079366670000001
i04_19_3.bmp,0.544715556
i02_04_3.bmp,0.57716
i07_05_4.bmp,0.47545222200000004
i22_12_5.bmp,0.307017778
i25_06_1.bmp,0.488888889
i10_03_2.bmp,0.48456777799999995
i01_03_3.bmp,0.411411111
i18_07_5.bmp,0.333333333
i15_14_3.bmp,0.6617288889999999
i20_19_1.bmp,0.646723333
i02_18_3.bmp,0.5365077779999999
i18_12_1.bmp,0.706348889
i20_17_3.bmp,0.48048
i03_09_3.bmp,0.6083333329999999
i14_22_2.bmp,0.596825556
i12_03_4.bmp,0.345028889
i08_21_4.bmp,0.422938889
i12_11_4.bmp,0.21637444399999997
i24_07_1.bmp,0.614197778
i15_10_4.bmp,0.353086667
i14_13_5.bmp,0.212963333
i13_10_1.bmp,0.609818889
i23_22_5.bmp,0.444444444
i16_17_4.bmp,0.738888889
i15_23_4.bmp,0.49747444399999996
i18_20_2.bmp,0.619047778
i04_05_2.bmp,0.655826667
i22_01_3.bmp,0.538461111
i04_15_4.bmp,0.417344444
i10_18_3.bmp,0.42450111100000004
i12_23_4.bmp,0.354354444
i18_23_4.bmp,0.65873
i09_19_4.bmp,0.45138888899999996
i13_16_5.bmp,0.49354
i02_09_5.bmp,0.268518889
i08_24_3.bmp,0.5878133329999999
i19_21_4.bmp,0.39639666700000004
i16_01_4.bmp,0.461538889
i12_15_1.bmp,0.38888888899999996
i02_22_2.bmp,0.582582222
i02_10_2.bmp,0.6635800000000001
i11_17_5.bmp,0.35735777799999996
i24_17_5.bmp,0.4
i11_11_5.bmp,0.108024444
i25_19_5.bmp,0.371428889
i07_18_2.bmp,0.5505055560000001
i16_18_5.bmp,0.43859666700000005
i07_12_1.bmp,0.593434444
i20_20_5.bmp,0.301994444
i17_14_2.bmp,0.6438744439999999
i17_19_3.bmp,0.529914444
i03_02_4.bmp,0.5555555560000001
i19_06_2.bmp,0.516516667
i15_18_1.bmp,0.57284
i07_21_5.bmp,0.258397778
i08_15_2.bmp,0.326164444
i03_04_4.bmp,0.5111111110000001
i15_09_1.bmp,0.658914444
i08_15_3.bmp,0.36458333299999995
i11_14_4.bmp,0.574074444
i24_19_4.bmp,0.454248889
i07_08_1.bmp,0.651515556
i20_12_3.bmp,0.49415222200000003
i11_06_3.bmp,0.441441111
i16_05_3.bmp,0.5811966670000001
i25_14_4.bmp,0.425396667
i21_08_5.bmp,0.24031
i07_18_5.bmp,0.40404
i09_12_5.bmp,0.31597222199999997
i24_04_1.bmp,0.650793333
i12_10_2.bmp,0.654971111
i19_20_3.bmp,0.576576667
i22_01_5.bmp,0.41310555600000004
i21_05_3.bmp,0.568475556
i15_13_5.bmp,0.23484888899999998
i01_19_5.bmp,0.438271111
i08_03_2.bmp,0.476702222
i21_10_3.bmp,0.571058889
i19_11_4.bmp,0.327327778
i05_21_1.bmp,0.622222222
i01_22_3.bmp,0.478395556
i06_20_3.bmp,0.6216211110000001
i16_05_4.bmp,0.483333333
i16_06_5.bmp,0.39886
i13_09_1.bmp,0.563685556
i17_07_4.bmp,0.356125556
i05_06_2.bmp,0.43589777799999996
i15_01_2.bmp,0.563131111
i04_14_5.bmp,0.401084444
i05_20_4.bmp,0.49722222200000005
i01_07_1.bmp,0.564814444
i06_21_2.bmp,0.5679011110000001
i03_07_4.bmp,0.425
i23_17_1.bmp,0.62963
i03_12_4.bmp,0.34444444399999996
i23_15_2.bmp,0.330158889
i16_03_1.bmp,0.527065556
i13_04_4.bmp,0.604335556
i17_12_1.bmp,0.6527777779999999
i18_16_4.bmp,0.5555555560000001
i21_21_1.bmp,0.614986667
i12_02_3.bmp,0.614035556
i09_09_2.bmp,0.676767778
i14_18_3.bmp,0.518518889
i21_05_4.bmp,0.43650777799999996
i21_04_4.bmp,0.5925922220000001
I06_01_1.bmp,0.63964
i03_02_5.bmp,0.5111111110000001
i13_04_2.bmp,0.6083333329999999
i24_16_1.bmp,0.663492222
i02_05_3.bmp,0.603603333
i10_12_1.bmp,0.529914444
i01_14_4.bmp,0.6172844439999999
i10_11_4.bmp,0.24269000000000002
i19_19_3.bmp,0.506173333
i09_18_1.bmp,0.535353333
i03_01_2.bmp,0.567251111
i13_21_5.bmp,0.38624333299999997
i05_13_2.bmp,0.544715556
i20_04_4.bmp,0.5255255560000001
i22_24_4.bmp,0.250712222
i18_03_5.bmp,0.283068889
i02_16_3.bmp,0.5915911110000001
i06_09_4.bmp,0.333333333
i07_06_3.bmp,0.46212111100000003
i20_14_4.bmp,0.45869
i09_19_2.bmp,0.519713333
i14_01_3.bmp,0.530864444
i02_14_1.bmp,0.638888889
i04_23_3.bmp,0.430894444
i20_22_5.bmp,0.414414444
i19_24_2.bmp,0.522522222
i04_24_2.bmp,0.417988889
i03_04_1.bmp,0.709402222
i14_12_4.bmp,0.45946000000000004
i04_17_4.bmp,0.8015877779999999
i17_13_5.bmp,0.263157778
i25_15_2.bmp,0.326598889
I24_11_1.BMP,0.6
i20_08_5.bmp,0.287748889
i12_15_4.bmp,0.453216667
i02_07_2.bmp,0.62037
i17_10_5.bmp,0.25
i01_07_4.bmp,0.358024444
i20_09_5.bmp,0.246246667
i15_14_5.bmp,0.42171666700000005
i06_22_2.bmp,0.5864199999999999
i23_13_2.bmp,0.46128
i15_04_3.bmp,0.6485788889999999
i22_17_4.bmp,0.692307778
i13_23_1.bmp,0.6279066670000001
i22_16_1.bmp,0.6516511110000001
I08_11_1.BMP,0.666666667
i18_13_3.bmp,0.43121666700000005
i19_02_5.bmp,0.49691333299999996
i10_08_1.bmp,0.663742222
i23_02_3.bmp,0.606348889
i14_05_5.bmp,0.33633666700000003
i06_18_5.bmp,0.42041999999999996
i04_24_3.bmp,0.287263333
i08_23_5.bmp,0.604166667
i12_04_2.bmp,0.614035556
i09_09_5.bmp,0.27946111100000004
i12_20_4.bmp,0.400584444
i12_14_4.bmp,0.49707555600000003
i12_21_3.bmp,0.447368889
i23_17_2.bmp,0.7555555559999999
i19_23_4.bmp,0.640351111
i08_05_3.bmp,0.5243055560000001
i19_09_3.bmp,0.540935556
i14_16_2.bmp,0.663663333
i07_17_2.bmp,0.7111111109999999
i06_14_4.bmp,0.481481111
i23_14_2.bmp,0.699346667
i03_05_5.bmp,0.38596444399999996
i08_24_2.bmp,0.642361111
i07_16_2.bmp,0.705426667
i18_24_5.bmp,0.11375666699999999
i01_19_4.bmp,0.503086667
i06_20_5.bmp,0.441441111
i20_08_3.bmp,0.44753111100000004
i19_23_1.bmp,0.652046667
i10_23_4.bmp,0.289473333
i03_23_3.bmp,0.433333333
i02_08_1.bmp,0.6786788890000001
i14_16_4.bmp,0.574603333
i14_21_2.bmp,0.574074444
i23_07_4.bmp,0.38235333299999996
i03_08_3.bmp,0.49707555600000003
i01_15_2.bmp,0.314285556
i16_20_5.bmp,0.39886
i13_05_5.bmp,0.343915556
i19_14_3.bmp,0.606606667
i15_19_2.bmp,0.5925922220000001
i15_19_5.bmp,0.43456777799999996
i14_07_2.bmp,0.6049377779999999
i02_22_1.bmp,0.612612222
i07_03_1.bmp,0.5481477779999999
i06_23_3.bmp,0.630631111
i19_19_5.bmp,0.395062222
i24_23_3.bmp,0.631745556
i19_03_5.bmp,0.280702222
i21_10_5.bmp,0.214092222
i18_08_3.bmp,0.46031777799999996
i20_16_3.bmp,0.600601111
i03_19_1.bmp,0.612535556
i24_05_2.bmp,0.5925922220000001
i22_16_4.bmp,0.511695556
i16_09_5.bmp,0.260234444
i25_12_1.bmp,0.669753333
i22_02_4.bmp,0.570175556
i19_09_5.bmp,0.20720666699999998
i09_01_2.bmp,0.5555555560000001
i23_07_3.bmp,0.409523333
i02_15_3.bmp,0.42592555600000004
i04_16_2.bmp,0.738095556
i03_18_3.bmp,0.6182333329999999
i01_20_4.bmp,0.564814444
i04_15_5.bmp,0.45014222200000004
I25_11_1.BMP,0.67619
i15_21_5.bmp,0.255814444
i24_01_2.bmp,0.561728889
i06_01_3.bmp,0.558558889
i10_01_4.bmp,0.504273333
i06_06_1.bmp,0.512345556
i13_19_3.bmp,0.591731111
i03_17_3.bmp,0.577777778
i09_04_1.bmp,0.6379933329999999
i20_15_2.bmp,0.371345556
i04_22_3.bmp,0.492063333
i13_20_3.bmp,0.613756667
i23_15_5.bmp,0.40317444399999997
i08_16_1.bmp,0.6736111109999999
i22_22_5.bmp,0.321637778
i01_20_2.bmp,0.648147778
i14_01_5.bmp,0.41666666700000005
i03_13_3.bmp,0.436111111
i16_06_4.bmp,0.44151999999999997
i22_01_4.bmp,0.46198777799999996
i15_02_2.bmp,0.646464444
i04_06_4.bmp,0.46612444399999997
i04_23_5.bmp,0.164021111
i09_09_1.bmp,0.7272722220000001
i15_05_1.bmp,0.642856667
i20_06_4.bmp,0.381766667
i14_17_1.bmp,0.600601111
i23_07_5.bmp,0.30976444399999997
i18_16_5.bmp,0.472934444
i25_05_4.bmp,0.428571111
i15_22_4.bmp,0.498765556
i19_03_4.bmp,0.333333333
i25_06_5.bmp,0.33642
i15_14_1.bmp,0.621212222
i21_07_2.bmp,0.494444444
i09_16_3.bmp,0.638888889
i05_14_4.bmp,0.580555556
i22_15_4.bmp,0.37719333299999996
i12_19_5.bmp,0.447368889
i03_24_4.bmp,0.20175444399999998
i19_17_3.bmp,0.49249222200000004
i09_13_2.bmp,0.419354444
i14_03_1.bmp,0.57716
i07_13_3.bmp,0.374676667
i03_14_4.bmp,0.495726667
i13_02_1.bmp,0.589946667
i09_15_1.bmp,0.323232222
i22_23_4.bmp,0.492877778
i12_10_1.bmp,0.675675556
i22_12_1.bmp,0.584795556
i21_09_3.bmp,0.589946667
i24_16_4.bmp,0.623456667
i20_17_2.bmp,0.703703333
i05_19_5.bmp,0.373983333
i04_08_4.bmp,0.48611111100000004
i03_08_2.bmp,0.622222222
i17_09_3.bmp,0.558333333
i11_19_4.bmp,0.44127
i24_07_4.bmp,0.32063444399999996
i03_01_5.bmp,0.436111111
i21_07_1.bmp,0.558265556
i02_23_1.bmp,0.753086667
i10_05_2.bmp,0.6438744439999999
i03_13_4.bmp,0.325
I24_13_1.BMP,0.45098
i02_03_1.bmp,0.533333333
i11_06_1.bmp,0.521604444
i25_04_4.bmp,0.611111111
i09_07_2.bmp,0.5277777779999999
i19_22_2.bmp,0.5915911110000001
i01_05_4.bmp,0.459876667
i17_21_4.bmp,0.37606888899999996
i20_18_2.bmp,0.581871111
i08_13_5.bmp,0.236111111
i14_14_3.bmp,0.521604444
i20_03_3.bmp,0.42342333299999996
i05_17_4.bmp,0.728997778
i02_15_1.bmp,0.37777777799999995
i14_20_5.bmp,0.36336333299999996
i04_18_2.bmp,0.558265556
I12_11_1.BMP,0.600601111
i13_02_2.bmp,0.6151766670000001
i24_15_1.bmp,0.44753111100000004
i08_15_4.bmp,0.409722222
i03_03_2.bmp,0.452991111
i21_21_4.bmp,0.40211666700000004
i08_11_4.bmp,0.46595
i24_13_5.bmp,0.27777777800000003
i03_06_1.bmp,0.535087778
i16_12_3.bmp,0.547222222
i10_14_4.bmp,0.474474444
i18_16_1.bmp,0.712736667
i13_24_3.bmp,0.488372222
i24_09_4.bmp,0.376543333
i22_17_3.bmp,0.469135556
i23_22_1.bmp,0.686274444
i06_06_3.bmp,0.41975333299999995
i20_13_4.bmp,0.321321111
i17_19_1.bmp,0.6361111110000001
i21_12_1.bmp,0.643411111
i14_18_5.bmp,0.41666666700000005
i25_23_4.bmp,0.6825399999999999
i04_03_1.bmp,0.531165556
i13_11_3.bmp,0.521164444
I23_01_1.bmp,0.631745556
i17_20_5.bmp,0.318317778
i07_20_4.bmp,0.402468889
i12_08_4.bmp,0.400584444
i24_01_3.bmp,0.524691111
i04_11_4.bmp,0.222222222
i12_16_2.bmp,0.6997
i02_14_5.bmp,0.468468889
i06_08_1.bmp,0.576576667
i08_13_3.bmp,0.487455556
i06_06_2.bmp,0.48765444399999996
i06_10_2.bmp,0.6253966670000001
i19_16_1.bmp,0.6812866670000001
i24_14_5.bmp,0.515432222
i11_23_2.bmp,0.648648889
i24_17_2.bmp,0.7191355559999999
i13_01_2.bmp,0.602777778
i20_14_3.bmp,0.505847778
i22_06_5.bmp,0.36036
i04_08_1.bmp,0.701057778
i12_05_5.bmp,0.406432222
i05_11_3.bmp,0.5
i12_11_3.bmp,0.30864222199999997
i16_05_1.bmp,0.644444444
i21_18_1.bmp,0.539682222
i11_03_3.bmp,0.425396667
i02_21_5.bmp,0.26234555600000004
i02_17_1.bmp,0.6574077779999999
i04_19_1.bmp,0.60582
i08_14_3.bmp,0.541218889
i15_12_5.bmp,0.285353333
i09_15_2.bmp,0.340067778
i20_12_1.bmp,0.680912222
i08_03_3.bmp,0.38518555600000004
i23_03_1.bmp,0.513072222
i07_08_5.bmp,0.29292888899999997
i11_20_5.bmp,0.404321111
i10_05_1.bmp,0.6723644440000001
i23_01_3.bmp,0.529412222
i08_19_1.bmp,0.598566667
i09_10_5.bmp,0.260416667
i17_08_3.bmp,0.5083333329999999
i08_17_3.bmp,0.465277778
i04_11_3.bmp,0.322493333
i08_12_5.bmp,0.472222222
i08_21_1.bmp,0.6319444439999999
i08_17_1.bmp,0.6006944439999999
i15_15_4.bmp,0.459595556
i18_19_1.bmp,0.571428889
i04_02_2.bmp,0.6837611109999999
i12_20_2.bmp,0.5864199999999999
i08_08_1.bmp,0.579861111
i24_14_1.bmp,0.666666667
i23_14_4.bmp,0.562091111
i04_07_1.bmp,0.521164444
i07_23_1.bmp,0.669135556
i04_09_2.bmp,0.6449866670000001
i10_04_3.bmp,0.573098889
i18_05_2.bmp,0.623306667
i08_24_4.bmp,0.44086000000000003
i10_08_3.bmp,0.48348333299999996
i01_05_1.bmp,0.6576577779999999
i03_10_1.bmp,0.692982222
i21_01_3.bmp,0.498707778
i14_16_1.bmp,0.64127
i25_10_5.bmp,0.16358
i05_03_5.bmp,0.26388888899999996
i06_11_3.bmp,0.5
i03_20_3.bmp,0.46198777799999996
i13_20_4.bmp,0.587301111
i02_16_5.bmp,0.507507778
i06_10_1.bmp,0.648648889
i15_09_3.bmp,0.521963333
i21_11_2.bmp,0.599483333
i16_06_3.bmp,0.504273333
i25_24_2.bmp,0.6049377779999999
i04_12_3.bmp,0.43650777799999996
i21_07_3.bmp,0.462963333
i18_15_1.bmp,0.357723333
i11_01_2.bmp,0.573573333
i25_09_2.bmp,0.577777778
i22_03_3.bmp,0.409356667
i24_02_5.bmp,0.503086667
i07_24_1.bmp,0.635658889
i12_13_4.bmp,0.31481444399999997
i09_04_3.bmp,0.598566667
i10_23_2.bmp,0.660968889
i12_18_1.bmp,0.627627778
i13_08_2.bmp,0.439153333
i09_12_4.bmp,0.32986111100000004
i07_24_2.bmp,0.5481477779999999
i20_05_3.bmp,0.599415556
i17_14_1.bmp,0.6527777779999999
i05_09_1.bmp,0.647222222
i05_06_3.bmp,0.38888888899999996
i21_03_3.bmp,0.35185222200000005
i03_04_5.bmp,0.397222222
i04_18_1.bmp,0.601625556
i14_03_2.bmp,0.49249222200000004
i24_05_4.bmp,0.44761888899999996
i01_16_1.bmp,0.6450622220000001
i05_20_1.bmp,0.631436667
i24_05_5.bmp,0.36111111100000004
i23_04_4.bmp,0.53268
i22_14_1.bmp,0.641025556
i06_20_2.bmp,0.5864199999999999
i15_06_4.bmp,0.37373777799999996
i25_19_4.bmp,0.421568889
i12_17_2.bmp,0.75731
i23_10_1.bmp,0.663492222
i14_04_2.bmp,0.626543333
i21_18_4.bmp,0.401084444
i12_09_5.bmp,0.250793333
i09_14_5.bmp,0.368055556
i01_21_2.bmp,0.5864199999999999
i18_17_3.bmp,0.490514444
i01_19_2.bmp,0.608024444
I20_11_1.BMP,0.619883333
i04_07_3.bmp,0.391534444
i23_22_4.bmp,0.5163399999999999
i17_17_4.bmp,0.7888888890000001
i05_15_4.bmp,0.433333333
i02_18_2.bmp,0.6216211110000001
i11_21_2.bmp,0.601852222
i25_21_2.bmp,0.49523777799999996
i15_03_4.bmp,0.353086667
i10_10_1.bmp,0.652046667
i11_19_5.bmp,0.40240222200000003
i22_10_4.bmp,0.39886
i17_24_3.bmp,0.44151999999999997
i03_06_4.bmp,0.41666666700000005
i17_05_5.bmp,0.371345556
i09_08_3.bmp,0.48263888899999996
i23_05_1.bmp,0.673015556
i14_20_3.bmp,0.601852222
i25_02_5.bmp,0.419047778
i09_20_1.bmp,0.645833333
i13_17_2.bmp,0.736434444
i16_23_1.bmp,0.680555556
i05_02_5.bmp,0.472934444
i15_07_1.bmp,0.534883333
i16_12_2.bmp,0.619444444
i05_03_4.bmp,0.341463333
i02_07_5.bmp,0.31745999999999996
i17_24_1.bmp,0.672222222
i17_16_5.bmp,0.464387778
i06_13_4.bmp,0.354937778
i17_15_3.bmp,0.36182333299999997
i04_21_2.bmp,0.5257455560000001
i12_04_3.bmp,0.578947778
i19_19_2.bmp,0.552552222
i13_07_5.bmp,0.314363333
i14_02_5.bmp,0.503086667
i16_07_5.bmp,0.344728889
i15_18_4.bmp,0.454545556
i19_02_3.bmp,0.619883333
i13_08_1.bmp,0.534391111
i21_24_3.bmp,0.5555555560000001
i09_20_5.bmp,0.323232222
i19_18_1.bmp,0.570571111
i16_09_3.bmp,0.509971111
i12_23_5.bmp,0.245614444
i17_07_2.bmp,0.517543333
i01_06_1.bmp,0.444444444
i20_01_4.bmp,0.492877778
I11_13_1.BMP,0.453703333
i21_15_2.bmp,0.36314333299999996
i08_12_2.bmp,0.6379933329999999
i17_19_4.bmp,0.47863222200000005
i03_09_2.bmp,0.695156667
i12_09_1.bmp,0.7017544440000001
i14_05_1.bmp,0.672672222
i07_11_2.bmp,0.501234444
i23_09_4.bmp,0.473856667
i13_16_4.bmp,0.476964444
i05_16_5.bmp,0.472222222
i17_20_2.bmp,0.605555556
i06_16_5.bmp,0.459876667
i09_05_4.bmp,0.454545556
i22_22_1.bmp,0.6581199999999999
i25_08_5.bmp,0.216048889
i13_04_1.bmp,0.636856667
i07_09_5.bmp,0.274074444
i12_12_4.bmp,0.34210555600000003
i18_23_1.bmp,0.701057778
i20_07_5.bmp,0.36467222200000005
i25_20_5.bmp,0.45079333299999996
i06_05_5.bmp,0.327327778
i21_22_4.bmp,0.374676667
i11_15_3.bmp,0.38888888899999996
i14_15_4.bmp,0.40240222200000003
i13_22_2.bmp,0.531165556
i11_03_1.bmp,0.5555555560000001
i06_11_5.bmp,0.08408444400000001
i17_01_3.bmp,0.561253333
i23_05_2.bmp,0.611111111
i22_18_3.bmp,0.47076
i24_18_4.bmp,0.457143333
i13_23_4.bmp,0.560723333
I22_13_1.BMP,0.584045556
i06_04_3.bmp,0.6327155560000001
i19_06_5.bmp,0.354354444
i19_13_4.bmp,0.34210555600000003
i02_06_5.bmp,0.345345556
i21_18_2.bmp,0.479674444
i07_15_1.bmp,0.40404
i04_09_4.bmp,0.42005444399999997
i17_03_3.bmp,0.42450111100000004
i03_08_4.bmp,0.41666666700000005
i16_17_3.bmp,0.5277777779999999
i10_07_2.bmp,0.558404444
i18_02_4.bmp,0.514905556
i12_05_3.bmp,0.578947778
i19_17_2.bmp,0.6876877779999999
i17_14_3.bmp,0.614035556
i12_22_5.bmp,0.291291111
i05_18_2.bmp,0.46723666700000005
i21_16_2.bmp,0.658914444
i13_08_5.bmp,0.19312222199999998
i06_14_2.bmp,0.666666667
i02_22_5.bmp,0.246913333
i07_03_5.bmp,0.303703333
i03_24_1.bmp,0.638176667
i06_12_4.bmp,0.40317444399999997
i14_23_2.bmp,0.66967
i25_12_4.bmp,0.5589222220000001
i19_11_2.bmp,0.5526311110000001
i06_17_2.bmp,0.675675556
i11_14_5.bmp,0.48765444399999996
i21_14_1.bmp,0.656331111
i12_07_1.bmp,0.521604444
i09_02_3.bmp,0.6180555560000001
i12_15_5.bmp,0.504762222
i14_16_5.bmp,0.44761888899999996
i25_18_3.bmp,0.49382666700000005
i18_04_2.bmp,0.653438889
i13_05_2.bmp,0.5608466670000001
i07_24_4.bmp,0.25
i07_15_5.bmp,0.405684444
i08_24_1.bmp,0.659497778
i20_21_2.bmp,0.5292399999999999
i13_19_5.bmp,0.46253222200000005
i18_05_5.bmp,0.347222222
i04_22_4.bmp,0.457994444
i04_04_4.bmp,0.608465556
i19_16_3.bmp,0.587718889
i17_18_2.bmp,0.452991111
i06_07_5.bmp,0.298412222
i06_22_3.bmp,0.46246222200000003
i04_09_5.bmp,0.27777777800000003
i25_18_5.bmp,0.297385556
i22_05_2.bmp,0.631578889
i08_22_4.bmp,0.340277778
i22_21_2.bmp,0.55848
i06_04_1.bmp,0.648147778
i14_04_3.bmp,0.611111111
i25_16_3.bmp,0.64127
i10_11_5.bmp,0.137426667
i11_24_2.bmp,0.608024444
i25_17_2.bmp,0.761904444
i18_04_5.bmp,0.48238444399999997
i16_04_1.bmp,0.647222222
i13_08_3.bmp,0.34688333299999996
i09_01_5.bmp,0.40404
i12_05_4.bmp,0.48348333299999996
i04_16_4.bmp,0.62963
i09_18_5.bmp,0.350694444
i05_02_4.bmp,0.566395556
i01_10_2.bmp,0.660661111
i21_02_3.bmp,0.604651111
i03_12_1.bmp,0.60114
i11_18_4.bmp,0.38235333299999996
i08_04_3.bmp,0.625
i03_15_4.bmp,0.475783333
i19_16_4.bmp,0.649123333
i16_03_5.bmp,0.31054111100000004
i07_17_1.bmp,0.616161111
i17_02_2.bmp,0.666666667
i24_10_1.bmp,0.6539677779999999
i25_23_5.bmp,0.663492222
i20_04_3.bmp,0.573098889
i05_20_2.bmp,0.6178866670000001
i16_23_2.bmp,0.536111111
i21_16_3.bmp,0.634921111
i12_03_2.bmp,0.46246222200000003
i15_13_4.bmp,0.318182222
i17_19_2.bmp,0.5925922220000001
i19_17_5.bmp,0.371345556
i23_12_4.bmp,0.32063444399999996
i18_09_3.bmp,0.473544444
i06_04_4.bmp,0.5645644439999999
i03_12_5.bmp,0.26666666699999997
i02_04_5.bmp,0.47618999999999995
i15_10_1.bmp,0.641975556
i08_20_3.bmp,0.585185556
i10_16_1.bmp,0.680912222
i14_17_4.bmp,0.6576577779999999
i12_15_2.bmp,0.39047666700000006
i08_20_2.bmp,0.663082222
i22_14_3.bmp,0.640351111
i14_13_2.bmp,0.503086667
i20_09_4.bmp,0.41741777799999996
i14_19_3.bmp,0.552468889
i06_12_1.bmp,0.651234444
i02_02_1.bmp,0.67284
i11_04_3.bmp,0.587301111
i10_24_3.bmp,0.390313333
i17_20_3.bmp,0.540935556
i10_19_5.bmp,0.430198889
i01_04_3.bmp,0.5855855560000001
i15_05_5.bmp,0.368686667
i18_09_2.bmp,0.653438889
i12_01_3.bmp,0.532163333
i20_16_4.bmp,0.570571111
i16_19_4.bmp,0.461538889
i03_09_4.bmp,0.415954444
i16_24_1.bmp,0.596491111
i08_18_3.bmp,0.32638888899999996
i16_07_3.bmp,0.483333333
i09_17_1.bmp,0.645833333
i01_10_4.bmp,0.35735777799999996
i16_22_1.bmp,0.623931111
i04_05_3.bmp,0.591666667
i01_16_2.bmp,0.672672222
i13_04_5.bmp,0.547618889
i07_08_3.bmp,0.509044444
i05_05_4.bmp,0.42397666700000003
i07_16_4.bmp,0.595062222
i07_17_4.bmp,0.7474744440000001
i08_09_1.bmp,0.634408889
i04_04_3.bmp,0.683333333
i10_22_4.bmp,0.44753111100000004
i18_04_3.bmp,0.653116667
i13_12_3.bmp,0.568475556
i05_22_5.bmp,0.352303333
i13_20_5.bmp,0.581395556
I17_13_1.BMP,0.5722222220000001
I13_13_1.BMP,0.602066667
i19_01_5.bmp,0.39639666700000004
i15_12_4.bmp,0.355555556
i19_14_5.bmp,0.405405556
i14_08_3.bmp,0.38738777799999996
i01_12_2.bmp,0.6516511110000001
i22_01_2.bmp,0.581871111
i08_22_5.bmp,0.26388888899999996
i12_10_5.bmp,0.24853777800000001
i16_08_4.bmp,0.40170888899999996
i04_08_2.bmp,0.658536667
i16_07_1.bmp,0.6083333329999999
i20_18_4.bmp,0.45946000000000004
i12_01_4.bmp,0.459876667
i07_16_5.bmp,0.535353333
i25_16_5.bmp,0.49673222200000006
i16_03_2.bmp,0.453216667
i03_19_4.bmp,0.47863222200000005
i20_10_2.bmp,0.6374266670000001
i14_08_4.bmp,0.315315556
i11_23_3.bmp,0.660661111
i13_13_4.bmp,0.403794444
i05_09_3.bmp,0.591666667
i11_07_2.bmp,0.533333333
i25_08_4.bmp,0.35294111100000003
i05_18_4.bmp,0.393162222
i02_21_4.bmp,0.36419777799999997
i02_05_1.bmp,0.679738889
i25_03_4.bmp,0.32381
i13_21_4.bmp,0.524547778
i05_21_5.bmp,0.275
i20_02_3.bmp,0.612612222
i21_14_2.bmp,0.685636667
i18_01_2.bmp,0.601625556
i01_18_5.bmp,0.37963
i10_24_4.bmp,0.20720666699999998
i17_22_5.bmp,0.321937778
i25_12_2.bmp,0.644444444
i03_16_3.bmp,0.663888889
i11_14_2.bmp,0.606348889
i21_17_4.bmp,0.7002588890000001
i10_19_3.bmp,0.51952
i03_09_5.bmp,0.27485333300000003
i02_09_1.bmp,0.666666667
i23_11_2.bmp,0.5079366670000001
i21_22_5.bmp,0.333333333
i12_04_5.bmp,0.42041999999999996
i10_05_4.bmp,0.488304444
i21_24_5.bmp,0.05820111099999999
i09_11_3.bmp,0.440972222
i03_06_3.bmp,0.45555555600000003
i10_07_5.bmp,0.33918111100000004
i06_18_4.bmp,0.414414444
i14_07_1.bmp,0.635802222
i11_11_2.bmp,0.603174444
I19_13_1.BMP,0.51952
i19_21_1.bmp,0.600601111
i02_19_1.bmp,0.641975556
i11_17_4.bmp,0.75976
i18_19_5.bmp,0.411924444
i18_24_3.bmp,0.509485556
i18_03_4.bmp,0.34656111100000003
i10_15_3.bmp,0.40170888899999996
i05_20_3.bmp,0.558265556
i24_24_4.bmp,0.30476222199999997
i23_10_4.bmp,0.405228889
i10_09_1.bmp,0.663817778
i01_19_1.bmp,0.660493333
i01_23_1.bmp,0.6984122220000001
I21_11_1.BMP,0.680216667
i21_13_5.bmp,0.284237778
i25_20_3.bmp,0.5555555560000001
i14_15_1.bmp,0.327327778
i14_18_4.bmp,0.46078444399999996
i14_18_1.bmp,0.596825556
i10_16_4.bmp,0.619883333
i12_13_3.bmp,0.35964888899999997
i04_08_5.bmp,0.40740777799999994
i15_19_4.bmp,0.48578777799999995
i05_08_4.bmp,0.308943333
i12_12_3.bmp,0.405405556
i04_06_5.bmp,0.38333333299999994
i06_10_4.bmp,0.351351111
i17_17_1.bmp,0.619444444
i21_11_4.bmp,0.333333333
i13_14_1.bmp,0.626984444
i15_01_5.bmp,0.43456777799999996
i02_19_3.bmp,0.5370366670000001
i07_19_5.bmp,0.41161666700000005
i11_07_4.bmp,0.43790888899999997
i11_24_5.bmp,0.064814444
i09_09_4.bmp,0.434027778
i15_03_5.bmp,0.29199
i17_24_5.bmp,0.038012222000000005
i07_15_4.bmp,0.37121222200000004
i11_16_4.bmp,0.54955
i17_24_4.bmp,0.22507111100000002
i18_12_5.bmp,0.295393333
i08_14_4.bmp,0.5277777779999999
i22_21_1.bmp,0.619883333
i15_05_2.bmp,0.6279066670000001
i02_08_3.bmp,0.504762222
i01_05_2.bmp,0.633633333
i06_14_3.bmp,0.530158889
i21_24_2.bmp,0.635658889
i01_20_5.bmp,0.481481111
i20_04_1.bmp,0.634503333
i10_03_3.bmp,0.44729333299999996
i08_22_3.bmp,0.462365556
i13_02_3.bmp,0.625323333
i02_11_2.bmp,0.533951111
i19_16_2.bmp,0.695906667
i11_08_1.bmp,0.549206667
i11_23_1.bmp,0.6516511110000001
i16_15_5.bmp,0.447368889
i24_22_1.bmp,0.64127
i03_01_4.bmp,0.472222222
i19_15_2.bmp,0.36419777799999997
i03_10_2.bmp,0.62963
i05_09_2.bmp,0.647222222
i04_08_3.bmp,0.597883333
i02_06_1.bmp,0.506173333
i17_23_2.bmp,0.655555556
i22_04_3.bmp,0.603988889
i12_08_3.bmp,0.502924444
i14_18_2.bmp,0.570987778
i21_22_1.bmp,0.595237778
i21_01_5.bmp,0.387596667
i22_21_3.bmp,0.517543333
i18_21_1.bmp,0.613756667
i22_07_5.bmp,0.304843333
i07_09_4.bmp,0.44186000000000003
i17_04_4.bmp,0.581871111
i23_23_1.bmp,0.7003366670000001
i20_03_2.bmp,0.46783666700000004
i12_19_4.bmp,0.523392222
i20_08_1.bmp,0.628654444
i14_15_2.bmp,0.37237222200000003
i13_16_1.bmp,0.622738889
i18_03_3.bmp,0.415344444
i21_07_4.bmp,0.399471111
i19_08_2.bmp,0.522522222
i23_11_3.bmp,0.346405556
i14_06_1.bmp,0.564814444
i16_04_5.bmp,0.5128199999999999
i11_24_4.bmp,0.32063444399999996
i12_03_3.bmp,0.41741777799999996
i08_23_2.bmp,0.6845877779999999
i03_09_1.bmp,0.738888889
i11_09_3.bmp,0.518518889
i18_09_5.bmp,0.189702222
i17_05_2.bmp,0.658333333
i06_07_1.bmp,0.5915911110000001
i11_21_5.bmp,0.294294444
i10_12_3.bmp,0.547008889
i17_17_3.bmp,0.49857555600000003
i02_23_3.bmp,0.382715556
i11_11_4.bmp,0.32381
i20_11_3.bmp,0.381381111
i22_11_2.bmp,0.612535556
i07_19_2.bmp,0.6049377779999999
i15_22_1.bmp,0.703703333
i19_21_5.bmp,0.25
i08_02_2.bmp,0.616487778
i03_12_3.bmp,0.31579
i19_12_5.bmp,0.503086667
i03_03_5.bmp,0.321637778
i16_12_1.bmp,0.6527777779999999
i06_21_5.bmp,0.311728889
i04_18_5.bmp,0.43631444399999997
i05_17_3.bmp,0.447222222
i24_08_5.bmp,0.29085
i10_23_5.bmp,0.160818889
i02_23_2.bmp,0.6156155560000001
i02_18_4.bmp,0.546546667
i24_05_3.bmp,0.570987778
i20_09_2.bmp,0.6812866670000001
i18_22_2.bmp,0.48941777799999997
i17_04_1.bmp,0.641025556
i11_17_3.bmp,0.48253999999999997
i18_16_3.bmp,0.632275556
i24_22_3.bmp,0.513072222
i17_06_5.bmp,0.367521111
i15_10_5.bmp,0.20740777800000001
i07_04_1.bmp,0.651852222
i20_07_3.bmp,0.49707555600000003
i02_04_4.bmp,0.526984444
i13_10_2.bmp,0.607235556
i22_05_3.bmp,0.5413100000000001
I06_13_1.BMP,0.51952
i06_11_2.bmp,0.57716
i25_08_3.bmp,0.477124444
i25_06_4.bmp,0.38580222200000003
i11_13_5.bmp,0.253086667
i18_06_3.bmp,0.42328000000000005
i05_04_1.bmp,0.626016667
i16_21_1.bmp,0.647222222
i06_10_3.bmp,0.603174444
i09_08_2.bmp,0.5824911110000001
i09_24_3.bmp,0.41666666700000005
i14_02_3.bmp,0.64127
i13_05_3.bmp,0.6124033329999999
i07_16_1.bmp,0.689394444
i06_02_1.bmp,0.6846844440000001
i06_13_3.bmp,0.463492222
i12_23_2.bmp,0.687134444
i13_16_2.bmp,0.586563333
I10_13_1.BMP,0.643274444
i23_18_2.bmp,0.6274511110000001
i09_19_1.bmp,0.611111111
i25_03_5.bmp,0.268518889
i24_06_4.bmp,0.40740777799999994
i22_20_4.bmp,0.5441600000000001
i01_12_1.bmp,0.660661111
i14_05_3.bmp,0.552468889
i07_14_3.bmp,0.633838889
i22_20_5.bmp,0.405405556
i08_16_3.bmp,0.65233
i13_21_1.bmp,0.6279066670000001
i12_14_2.bmp,0.68421
i08_18_4.bmp,0.31597222199999997
i17_05_1.bmp,0.647222222
i23_05_3.bmp,0.5656566670000001
i24_04_3.bmp,0.614378889
i10_05_5.bmp,0.371345556
i13_07_3.bmp,0.5158733329999999
i02_11_5.bmp,0.141975556
i21_21_2.bmp,0.571428889
i17_14_4.bmp,0.48433000000000004
i23_02_1.bmp,0.683006667
i20_13_5.bmp,0.22522555600000002
i23_06_4.bmp,0.40196111100000004
i06_03_1.bmp,0.5092588889999999
i22_09_5.bmp,0.22791999999999998
i04_23_1.bmp,0.713888889
i14_02_1.bmp,0.663663333
i17_14_5.bmp,0.391666667
i11_16_3.bmp,0.6327155560000001
i01_23_3.bmp,0.641975556
i08_04_5.bmp,0.5519711110000001
i25_07_1.bmp,0.38888888899999996
i05_14_3.bmp,0.623306667
i11_15_5.bmp,0.38888888899999996
i18_17_1.bmp,0.65873
i23_12_1.bmp,0.6633
i05_12_1.bmp,0.631436667
i09_03_5.bmp,0.319865556
i13_18_2.bmp,0.416021111
i15_16_5.bmp,0.447028889
i04_16_3.bmp,0.677248889
I25_01_1.bmp,0.571428889
i12_16_1.bmp,0.7251466670000001
i02_06_2.bmp,0.475308889
i17_12_4.bmp,0.436111111
i18_02_5.bmp,0.471544444
i21_10_1.bmp,0.701057778
i19_20_1.bmp,0.633633333
I24_01_1.bmp,0.6539677779999999
i11_04_1.bmp,0.6078433329999999
i18_20_1.bmp,0.685185556
i08_15_5.bmp,0.390681111
i03_14_5.bmp,0.38888888899999996
i01_15_1.bmp,0.31481444399999997
i25_09_3.bmp,0.46984111100000003
i06_24_4.bmp,0.35735777799999996
i05_12_3.bmp,0.594444444
I14_13_1.BMP,0.558558889
i13_08_4.bmp,0.286822222
i24_12_3.bmp,0.6094277779999999
i05_08_5.bmp,0.13888888900000002
i17_22_1.bmp,0.663888889
i15_15_3.bmp,0.439394444
i11_18_3.bmp,0.39814777799999995
i10_14_2.bmp,0.6837611109999999
i22_09_1.bmp,0.649572222
i01_12_5.bmp,0.381381111
i10_20_2.bmp,0.598291111
i05_21_4.bmp,0.37222222200000005
i10_16_2.bmp,0.678062222
i06_02_5.bmp,0.48765444399999996
i19_03_1.bmp,0.518518889
i18_08_5.bmp,0.227642222
i13_09_3.bmp,0.354005556
i05_23_3.bmp,0.626016667
i25_02_2.bmp,0.5864199999999999
i21_04_3.bmp,0.607045556
i04_21_3.bmp,0.42328000000000005
I05_01_1.bmp,0.6138888889999999
i05_09_4.bmp,0.38888888899999996
i04_10_2.bmp,0.663956667
i03_15_5.bmp,0.532763333
i15_09_5.bmp,0.27777777800000003
i08_17_5.bmp,0.362006667
i01_19_3.bmp,0.5645644439999999
i07_20_5.bmp,0.32558111100000003
i03_03_4.bmp,0.36467222200000005
i23_08_5.bmp,0.307936667
i21_03_5.bmp,0.284237778
i04_13_2.bmp,0.42735
i11_17_1.bmp,0.6216211110000001
i11_13_3.bmp,0.36111111100000004
i08_12_3.bmp,0.611111111
i23_06_2.bmp,0.48366000000000003
i03_23_2.bmp,0.649572222
i02_20_2.bmp,0.685714444
i06_18_1.bmp,0.577777778
i11_21_1.bmp,0.633633333
i11_02_1.bmp,0.6172844439999999
i02_18_1.bmp,0.6635800000000001
i17_01_2.bmp,0.578947778
i21_03_2.bmp,0.43631444399999997
i20_06_1.bmp,0.5526311110000001
i24_14_3.bmp,0.593651111
i03_07_3.bmp,0.42735
i20_24_3.bmp,0.381381111
i09_07_5.bmp,0.301075556
i08_12_1.bmp,0.6881722220000001
i22_13_4.bmp,0.319087778
i22_04_2.bmp,0.635327778
i15_04_2.bmp,0.6716044440000001
i23_19_5.bmp,0.380952222
i04_24_4.bmp,0.21164000000000002
i07_07_2.bmp,0.57672
i15_18_3.bmp,0.48578777799999995
i18_18_4.bmp,0.452381111
i04_24_1.bmp,0.616402222
i02_09_2.bmp,0.612698889
i03_05_1.bmp,0.7222222220000001
i03_12_2.bmp,0.453216667
i16_05_2.bmp,0.623931111
I17_01_1.bmp,0.654654444
i14_04_5.bmp,0.44753111100000004
i16_24_5.bmp,0.10826222199999999
i07_21_3.bmp,0.45679
i13_03_1.bmp,0.571428889
i16_02_3.bmp,0.619444444
i24_18_5.bmp,0.421568889
i12_12_2.bmp,0.561403333
i08_23_3.bmp,0.630824444
i12_16_3.bmp,0.672514444
i15_16_2.bmp,0.656331111
i25_07_5.bmp,0.30476222199999997
i19_20_4.bmp,0.459876667
I04_13_1.BMP,0.518518889
i07_10_3.bmp,0.5606055560000001
i17_06_4.bmp,0.394444444
i23_07_2.bmp,0.427608889
i11_15_1.bmp,0.354354444
i22_19_2.bmp,0.570175556
i06_22_4.bmp,0.39639666700000004
i11_01_3.bmp,0.5945944439999999
i17_18_5.bmp,0.41310555600000004
i13_17_1.bmp,0.498707778
i10_12_5.bmp,0.298245556
i23_14_1.bmp,0.67619
i23_18_3.bmp,0.604575556
i15_20_5.bmp,0.271604444
i10_17_4.bmp,0.7293444440000001
i18_23_2.bmp,0.6878311109999999
i18_18_1.bmp,0.558265556
i12_08_5.bmp,0.30864222199999997
i13_12_1.bmp,0.581395556
i18_12_2.bmp,0.596205556
i15_08_4.bmp,0.436868889
i24_04_2.bmp,0.648147778
i20_02_4.bmp,0.586894444
i23_04_3.bmp,0.591503333
i17_16_1.bmp,0.658333333
i06_07_4.bmp,0.349206667
i18_18_5.bmp,0.45502666700000005
i12_14_3.bmp,0.5045044439999999
i15_06_3.bmp,0.44186000000000003
i15_18_2.bmp,0.534883333
i16_12_4.bmp,0.36467222200000005
i02_12_3.bmp,0.34234222200000003
i21_04_2.bmp,0.669251111
i14_06_2.bmp,0.481481111
i22_08_4.bmp,0.347578889
i09_03_3.bmp,0.41077444399999996
i04_11_2.bmp,0.444444444
i02_04_2.bmp,0.6846844440000001
i19_07_3.bmp,0.432098889
i01_16_4.bmp,0.558642222
i23_14_3.bmp,0.562091111
i01_03_4.bmp,0.354937778
i16_03_3.bmp,0.410256667
i19_15_5.bmp,0.39339333299999996
i07_07_5.bmp,0.31524555600000004
i06_24_1.bmp,0.648648889
i03_21_3.bmp,0.433048889
i20_21_3.bmp,0.444444444
i05_04_2.bmp,0.638888889
i19_07_2.bmp,0.51952
i08_13_2.bmp,0.36296333299999994
i21_20_1.bmp,0.663888889
i11_02_2.bmp,0.6539677779999999
i20_19_4.bmp,0.444444444
i24_08_4.bmp,0.35294111100000003
i12_24_5.bmp,0.045045555999999994
i18_10_5.bmp,0.24119222199999998
i02_14_4.bmp,0.590476667
i04_03_2.bmp,0.468254444
i09_17_5.bmp,0.40067333299999996
i06_03_3.bmp,0.38580222200000003
i18_23_5.bmp,0.444444444
i21_07_5.bmp,0.35185222200000005
i23_06_3.bmp,0.44771222200000005
i01_14_2.bmp,0.672672222
i13_24_5.bmp,0.320105556
i03_07_5.bmp,0.40170888899999996
i05_02_1.bmp,0.6476966670000001
i19_02_1.bmp,0.675675556
i22_08_3.bmp,0.42041999999999996
i15_10_3.bmp,0.5111111110000001
i02_14_3.bmp,0.568254444
I07_11_1.BMP,0.609818889
i07_02_3.bmp,0.6175711110000001
i17_16_3.bmp,0.619883333
i22_16_2.bmp,0.60114
i06_12_3.bmp,0.48348333299999996
i06_06_5.bmp,0.339338889
i21_14_4.bmp,0.481481111
i06_16_2.bmp,0.694444444
i07_05_2.bmp,0.644444444
i07_12_5.bmp,0.279012222
i02_05_2.bmp,0.679012222
i10_13_3.bmp,0.380116667
i03_14_1.bmp,0.564102222
i19_08_4.bmp,0.321321111
i15_05_3.bmp,0.568182222
i25_22_3.bmp,0.421568889
i25_01_5.bmp,0.382715556
i05_07_5.bmp,0.34959333299999995
i01_11_5.bmp,0.162162222
i23_16_2.bmp,0.647618889
i21_18_3.bmp,0.457672222
i19_02_2.bmp,0.627627778
i15_11_4.bmp,0.222222222
i25_02_1.bmp,0.615873333
i06_18_2.bmp,0.48456777799999995
i08_05_2.bmp,0.605734444
i22_21_4.bmp,0.396011111
i22_12_4.bmp,0.48538000000000003
i15_06_5.bmp,0.353086667
i16_17_1.bmp,0.647222222
i05_17_1.bmp,0.588888889
i03_20_1.bmp,0.649123333
i20_06_2.bmp,0.459876667
I22_11_1.BMP,0.595441111
i24_13_3.bmp,0.36825444399999996
i20_01_2.bmp,0.612535556
i17_23_4.bmp,0.35042777799999997
i15_07_2.bmp,0.436692222
i02_12_5.bmp,0.263492222
i01_11_2.bmp,0.630631111
i07_08_2.bmp,0.614814444
i05_01_3.bmp,0.538461111
i10_02_5.bmp,0.5255255560000001
i20_19_3.bmp,0.532763333
i01_13_2.bmp,0.434921111
i16_10_5.bmp,0.27350444399999996
i07_19_4.bmp,0.45707111100000003
i25_11_4.bmp,0.552468889
I05_13_1.BMP,0.607045556
i07_09_1.bmp,0.71358
i07_22_3.bmp,0.516795556
i04_23_4.bmp,0.32791333300000003
i17_16_2.bmp,0.669444444
i20_20_4.bmp,0.391813333
i04_10_4.bmp,0.36243333299999997
i24_06_2.bmp,0.48571444399999997
i12_06_2.bmp,0.535087778
i13_14_4.bmp,0.55814
i16_09_4.bmp,0.347578889
i25_11_5.bmp,0.5111111110000001
i02_24_3.bmp,0.333333333
i19_05_1.bmp,0.663742222
i14_11_4.bmp,0.34259222200000006
i20_09_1.bmp,0.695906667
i09_01_4.bmp,0.448028889
i23_18_4.bmp,0.561904444
i04_22_1.bmp,0.669376667
i16_06_1.bmp,0.586894444
i12_24_1.bmp,0.6516511110000001
i01_24_4.bmp,0.34234222200000003
i12_06_3.bmp,0.495495556
i04_19_5.bmp,0.462963333
i18_01_3.bmp,0.538888889
i22_18_1.bmp,0.57265
i09_18_3.bmp,0.45161333299999995
i02_15_2.bmp,0.40240222200000003
i16_04_3.bmp,0.638888889
i03_16_5.bmp,0.558404444
i24_24_3.bmp,0.48253999999999997
i05_04_5.bmp,0.488888889
i01_10_1.bmp,0.663663333
i01_17_2.bmp,0.735735556
i01_02_2.bmp,0.6786788890000001
i22_05_1.bmp,0.652046667
i09_02_1.bmp,0.653198889
i01_06_2.bmp,0.43243222200000003
i03_13_2.bmp,0.404558889
i21_09_4.bmp,0.41860444399999996
i05_19_4.bmp,0.40555555600000004
i22_24_3.bmp,0.468468889
i04_06_3.bmp,0.473544444
i19_12_3.bmp,0.576023333
i04_17_5.bmp,0.436111111
i19_10_3.bmp,0.5401233329999999
i19_12_4.bmp,0.5645644439999999
i18_14_2.bmp,0.666666667
i15_11_3.bmp,0.338753333
i05_14_1.bmp,0.658536667
i21_09_5.bmp,0.23255777800000002
i22_03_2.bmp,0.482456667
i16_02_1.bmp,0.655555556
i19_01_4.bmp,0.45946000000000004
i22_22_4.bmp,0.49415222200000003
i05_12_2.bmp,0.6416666670000001
i02_07_4.bmp,0.41741777799999996
i15_15_1.bmp,0.431817778
i20_07_1.bmp,0.586894444
i10_13_2.bmp,0.43567222200000005
i18_20_3.bmp,0.596205556
i01_02_5.bmp,0.48456777799999995
i19_04_3.bmp,0.654971111
I23_11_1.BMP,0.584126667
i21_12_3.bmp,0.666666667
i13_15_4.bmp,0.396825556
i07_12_2.bmp,0.525252222
i07_01_3.bmp,0.533333333
i21_13_2.bmp,0.41005333299999996
i13_01_4.bmp,0.5323
i20_01_5.bmp,0.42041999999999996
i06_17_4.bmp,0.648648889
i02_07_3.bmp,0.418301111
i24_12_2.bmp,0.67619
I02_13_1.BMP,0.49691333299999996
i08_03_5.bmp,0.260416667
i06_21_3.bmp,0.52381
i15_13_2.bmp,0.41860444399999996
i04_14_3.bmp,0.666666667
i17_03_1.bmp,0.5526311110000001
i24_12_4.bmp,0.38888888899999996
i16_22_5.bmp,0.308333333
i03_23_1.bmp,0.7464388890000001
i18_15_4.bmp,0.391666667
i23_06_5.bmp,0.366013333
i08_08_5.bmp,0.218637778
i12_03_5.bmp,0.30117
i01_08_5.bmp,0.234567778
i23_13_3.bmp,0.371428889
i04_21_1.bmp,0.571815556
i20_14_1.bmp,0.669591111
i06_05_3.bmp,0.552552222
i17_21_5.bmp,0.280702222
i11_10_4.bmp,0.38738777799999996
i08_08_2.bmp,0.510416667
i15_18_5.bmp,0.41860444399999996
i01_03_1.bmp,0.530158889
i22_14_5.bmp,0.45583999999999997
i25_22_2.bmp,0.472222222
i18_07_4.bmp,0.37830666700000004
i25_08_2.bmp,0.561728889
i25_03_2.bmp,0.39814777799999995
i14_14_4.bmp,0.462963333
i07_09_3.bmp,0.5808077779999999
i17_23_5.bmp,0.21367555600000002
i07_18_3.bmp,0.48641999999999996
i16_10_2.bmp,0.641025556
i01_01_1.bmp,0.612698889
i10_22_2.bmp,0.5413100000000001
i04_05_4.bmp,0.497354444
i19_21_3.bmp,0.45345333299999996
i14_03_4.bmp,0.34259222200000006
i08_20_5.bmp,0.42361111100000004
i08_09_3.bmp,0.5590277779999999
i02_03_3.bmp,0.42642666700000004
i05_07_4.bmp,0.45014222200000004
i05_18_5.bmp,0.35
i04_05_1.bmp,0.701057778
i23_01_5.bmp,0.415032222
i08_24_5.bmp,0.291666667
i25_14_1.bmp,0.634921111
i14_16_3.bmp,0.589506667
i20_22_1.bmp,0.666666667
i19_03_3.bmp,0.403508889
i21_03_4.bmp,0.341085556
i24_07_5.bmp,0.271604444
i21_20_5.bmp,0.426356667
i23_17_4.bmp,0.7428566670000001
i21_08_1.bmp,0.611111111
i06_09_3.bmp,0.5405399999999999
i20_02_1.bmp,0.649123333
i01_09_5.bmp,0.17117111100000001
i23_06_1.bmp,0.513072222
i25_23_1.bmp,0.700617778
i01_01_2.bmp,0.618618889
i10_08_2.bmp,0.5897433329999999
i18_05_4.bmp,0.444444444
i01_17_4.bmp,0.693693333
i09_19_3.bmp,0.5017922220000001
i21_21_3.bmp,0.478835556
i21_09_1.bmp,0.675
i23_16_3.bmp,0.647058889
i05_24_5.bmp,0.289973333
i05_08_3.bmp,0.40650444399999996
i12_14_5.bmp,0.39639666700000004
i10_14_1.bmp,0.646723333
i23_12_2.bmp,0.638095556
i10_13_4.bmp,0.298245556
i07_13_2.bmp,0.45202
i09_21_3.bmp,0.472222222
i15_02_4.bmp,0.542928889
i07_17_5.bmp,0.37121222200000004
i08_06_3.bmp,0.43703666700000005
i06_15_3.bmp,0.41666666700000005
i17_06_3.bmp,0.444444444
i03_02_1.bmp,0.687134444
i07_11_5.bmp,0.108585556
i14_15_3.bmp,0.392156667
i21_23_3.bmp,0.630491111
i03_18_5.bmp,0.517543333
i24_04_4.bmp,0.574074444
i24_04_5.bmp,0.5079366670000001
i23_12_3.bmp,0.42222222200000004
i14_04_1.bmp,0.669841111
i19_05_2.bmp,0.611111111
i18_08_2.bmp,0.517615556
i15_19_1.bmp,0.656565556
i14_23_5.bmp,0.30864222199999997
i04_02_1.bmp,0.6972222220000001
i09_08_1.bmp,0.6527777779999999
i07_12_3.bmp,0.39259222200000005
i09_12_3.bmp,0.545138889
i12_18_3.bmp,0.5555555560000001
i10_03_1.bmp,0.5615611110000001
i20_10_3.bmp,0.549382222
i15_17_2.bmp,0.740741111
i04_14_1.bmp,0.563492222
i23_24_2.bmp,0.5261433329999999
i20_05_4.bmp,0.470085556
i11_08_4.bmp,0.31745999999999996
i05_16_2.bmp,0.661111111
i01_23_5.bmp,0.267267778
i06_19_4.bmp,0.46604888899999997
i21_06_3.bmp,0.447154444
i20_21_5.bmp,0.28655
i25_24_5.bmp,0.307936667
i20_10_5.bmp,0.304843333
i18_11_3.bmp,0.501355556
i22_15_5.bmp,0.415204444
i09_24_5.bmp,0.026935556
i06_19_2.bmp,0.5855855560000001
i24_10_5.bmp,0.205882222
i16_15_1.bmp,0.378917778
i16_22_2.bmp,0.594444444
i25_03_1.bmp,0.444444444
i06_03_5.bmp,0.27777777800000003
i16_20_3.bmp,0.576023333
i14_05_4.bmp,0.46246222200000003
i18_13_5.bmp,0.273712222
i18_19_4.bmp,0.428184444
i13_09_2.bmp,0.529715556
i10_09_2.bmp,0.6324788889999999
i03_15_2.bmp,0.45
i23_13_4.bmp,0.27451
I16_13_1.BMP,0.5111111110000001
i06_19_5.bmp,0.399398889
i08_21_2.bmp,0.548386667
i18_01_4.bmp,0.495934444
i15_16_3.bmp,0.602468889
I07_13_1.BMP,0.509044444
i08_11_3.bmp,0.5074077779999999
i23_05_5.bmp,0.372548889
i05_14_5.bmp,0.479674444
i06_24_2.bmp,0.644444444
i20_24_1.bmp,0.687134444
i10_01_2.bmp,0.603603333
i22_14_2.bmp,0.651234444
i14_19_2.bmp,0.5679011110000001
i12_17_3.bmp,0.5345344439999999
i04_14_2.bmp,0.7116399999999999
i23_02_4.bmp,0.5587300000000001
i15_20_4.bmp,0.34814777799999996
i17_15_4.bmp,0.402777778
i03_11_4.bmp,0.202278889
i09_20_4.bmp,0.43434333299999994
i20_05_5.bmp,0.324561111
i07_24_5.bmp,0.052910000000000006
i11_22_5.bmp,0.280864444
i16_13_4.bmp,0.339031111
i05_13_3.bmp,0.386111111
i01_01_5.bmp,0.429428889
i07_22_1.bmp,0.659258889
i24_22_2.bmp,0.558823333
i09_13_3.bmp,0.37037
i24_18_3.bmp,0.43463999999999997
i01_04_5.bmp,0.52381
i03_11_3.bmp,0.31623888899999997
i12_07_3.bmp,0.46491222200000004
i19_14_2.bmp,0.669591111
i21_22_3.bmp,0.49354
i14_02_4.bmp,0.570987778
i01_24_5.bmp,0.051051110999999996
i19_12_1.bmp,0.6812866670000001
i23_03_4.bmp,0.362745556
I02_11_1.BMP,0.6574077779999999
i23_03_2.bmp,0.463492222
i01_08_1.bmp,0.576576667
i06_07_2.bmp,0.568254444
i14_13_4.bmp,0.34259222200000006
i05_17_2.bmp,0.758807778
i23_10_2.bmp,0.643791111
I21_13_1.BMP,0.494708889
i19_15_3.bmp,0.39039
i09_06_5.bmp,0.371527778
i17_22_4.bmp,0.39886
i20_06_3.bmp,0.43859666700000005
i20_15_5.bmp,0.45014222200000004
i12_11_2.bmp,0.51952
i05_24_3.bmp,0.577777778
i18_05_1.bmp,0.693766667
i10_23_1.bmp,0.6837611109999999
i15_02_1.bmp,0.676767778
i14_11_5.bmp,0.142856667
i12_06_1.bmp,0.5645644439999999
i25_01_3.bmp,0.488888889
i24_22_5.bmp,0.30476222199999997
i18_05_3.bmp,0.574525556
i15_06_2.bmp,0.46419777799999995
i22_24_2.bmp,0.602338889
i16_15_4.bmp,0.40555555600000004
i01_22_2.bmp,0.576576667
i13_09_5.bmp,0.0542
i09_20_3.bmp,0.5
i22_03_4.bmp,0.34188
i03_11_5.bmp,0.07777777799999999
i14_08_2.bmp,0.506173333
i16_08_1.bmp,0.646723333
i06_08_3.bmp,0.38730111100000003
i13_09_4.bmp,0.240741111
i14_21_4.bmp,0.41666666700000005
i19_23_2.bmp,0.6988300000000001
i03_04_2.bmp,0.628654444
i11_17_2.bmp,0.75
i12_12_1.bmp,0.611111111
i22_18_2.bmp,0.520467778
i21_02_1.bmp,0.6455022220000001
i19_13_3.bmp,0.40240222200000003
i19_09_4.bmp,0.36336333299999996
i10_12_2.bmp,0.649123333
i09_14_4.bmp,0.493055556
i25_20_2.bmp,0.615873333
i19_06_1.bmp,0.526315556
i24_11_4.bmp,0.285714444
i03_20_5.bmp,0.313888889
i18_14_4.bmp,0.462963333
i06_09_1.bmp,0.672672222
i15_10_2.bmp,0.633838889
i10_15_1.bmp,0.34210555600000003
i13_06_1.bmp,0.505555556
i23_17_5.bmp,0.431372222
i13_07_1.bmp,0.6361111110000001
i20_14_5.bmp,0.374268889
i04_16_1.bmp,0.6984122220000001
i03_04_3.bmp,0.580555556
i01_10_3.bmp,0.546296667
i07_21_1.bmp,0.62963
i14_20_4.bmp,0.46604888899999997
i17_02_3.bmp,0.647222222
i20_03_1.bmp,0.5497077779999999
i11_22_2.bmp,0.600601111
i18_08_1.bmp,0.632275556
i23_20_3.bmp,0.45486111100000004
i22_11_3.bmp,0.473684444
i11_03_5.bmp,0.32407444399999996
i16_16_4.bmp,0.638888889
i06_16_4.bmp,0.648648889
i16_21_2.bmp,0.6068377779999999
i16_16_1.bmp,0.6581199999999999
i10_12_4.bmp,0.450292222
i04_21_5.bmp,0.222222222
i17_07_3.bmp,0.433048889
i01_24_3.bmp,0.567567778
i18_17_4.bmp,0.656084444
i12_10_3.bmp,0.567251111
i11_05_3.bmp,0.588588889
i25_13_3.bmp,0.409523333
i14_17_5.bmp,0.36036
i12_08_1.bmp,0.687134444
i22_23_3.bmp,0.578947778
i09_04_5.bmp,0.47474777799999995
i10_13_5.bmp,0.321937778
i10_22_5.bmp,0.36182333299999997
i24_05_1.bmp,0.6450622220000001
i25_20_1.bmp,0.630718889
i04_04_2.bmp,0.696476667
i14_09_2.bmp,0.654654444
i04_09_3.bmp,0.560975556
i17_13_3.bmp,0.362573333
i19_10_2.bmp,0.608024444
i10_04_1.bmp,0.675213333
i07_18_4.bmp,0.42929333299999994
i19_19_4.bmp,0.479365556
i13_06_5.bmp,0.343915556
i23_18_1.bmp,0.640523333
i25_17_5.bmp,0.36507888899999996
i15_16_1.bmp,0.6919188890000001
i11_04_5.bmp,0.51952
i13_11_5.bmp,0.26455
i02_02_4.bmp,0.588588889
i10_21_2.bmp,0.575498889
i09_11_4.bmp,0.26736111100000004
i19_07_4.bmp,0.354937778
i20_07_2.bmp,0.5255255560000001
i08_20_4.bmp,0.513888889
i09_06_4.bmp,0.42361111100000004
i19_24_1.bmp,0.606606667
i01_14_5.bmp,0.49673222200000006
i14_21_3.bmp,0.5045044439999999
i23_21_3.bmp,0.45791222200000004
i18_13_2.bmp,0.484126667
i21_06_5.bmp,0.33862444399999997
i13_01_5.bmp,0.44709
i05_05_2.bmp,0.598915556
i08_23_4.bmp,0.611111111
i07_06_4.bmp,0.41666666700000005
i08_09_2.bmp,0.6527777779999999
i11_07_5.bmp,0.306306667
i09_21_5.bmp,0.24014333300000001
i24_16_3.bmp,0.606348889
i02_11_4.bmp,0.213213333
i01_24_2.bmp,0.62037
i24_20_3.bmp,0.574603333
i03_02_2.bmp,0.6980055559999999
i09_10_3.bmp,0.545138889
i17_21_2.bmp,0.532763333
i10_24_2.bmp,0.532163333
i10_01_3.bmp,0.527065556
i08_10_3.bmp,0.520833333
i23_20_4.bmp,0.371428889
i13_23_5.bmp,0.578811111
i10_20_4.bmp,0.397661111
i03_16_1.bmp,0.7578344440000001
i04_01_4.bmp,0.474254444
i07_19_1.bmp,0.651852222
i20_16_5.bmp,0.524216667
i17_02_4.bmp,0.586111111
i17_12_3.bmp,0.564102222
i16_23_3.bmp,0.3
i07_12_4.bmp,0.318182222
i03_14_2.bmp,0.666666667
i13_22_3.bmp,0.44186000000000003
i10_15_5.bmp,0.464387778
i13_11_4.bmp,0.483204444
i23_15_4.bmp,0.37908444399999996
i06_20_1.bmp,0.623456667
i19_22_1.bmp,0.6374266670000001
i06_06_4.bmp,0.391975556
i25_07_3.bmp,0.3367
i07_19_3.bmp,0.533333333
i24_14_4.bmp,0.570987778
i14_03_5.bmp,0.288287778
i10_08_5.bmp,0.309941111
i04_12_1.bmp,0.672222222
i25_10_2.bmp,0.619047778
i20_15_1.bmp,0.358974444
i11_05_1.bmp,0.66967
i20_06_5.bmp,0.344728889
i15_20_1.bmp,0.702842222
i02_08_4.bmp,0.42642666700000004
i03_22_1.bmp,0.663817778
i18_16_2.bmp,0.661375556
i11_01_5.bmp,0.42901222200000005
i02_23_5.bmp,0.09009
i06_22_1.bmp,0.626543333
i24_03_2.bmp,0.473015556
i22_20_2.bmp,0.6374266670000001
i18_07_3.bmp,0.468254444
i08_04_2.bmp,0.6487455560000001
i25_14_5.bmp,0.345678889
i14_12_3.bmp,0.45079333299999996
i21_08_2.bmp,0.539682222
i09_02_2.bmp,0.670033333
i25_13_4.bmp,0.5079366670000001
i15_02_5.bmp,0.515151111
i16_14_1.bmp,0.641025556
i14_24_2.bmp,0.62037
i24_13_4.bmp,0.320987778
i19_08_3.bmp,0.418128889
I20_13_1.BMP,0.57265
i22_08_2.bmp,0.51462
i07_03_3.bmp,0.414814444
i21_10_4.bmp,0.36243333299999997
i14_02_2.bmp,0.6574077779999999
i09_16_4.bmp,0.655914444
i03_16_2.bmp,0.725
i14_19_1.bmp,0.596825556
i04_03_4.bmp,0.380555556
i15_07_5.bmp,0.271604444
i07_01_5.bmp,0.441798889
i03_18_1.bmp,0.641025556
i04_15_3.bmp,0.38888888899999996
i02_15_4.bmp,0.42642666700000004
i22_08_5.bmp,0.282051111
i16_02_5.bmp,0.5128199999999999
i23_12_5.bmp,0.20634888899999998
i22_13_2.bmp,0.492877778
i06_14_1.bmp,0.666666667
i24_10_4.bmp,0.36419777799999997
i12_21_1.bmp,0.573098889
i18_02_2.bmp,0.653438889
i07_14_4.bmp,0.580246667
i19_23_5.bmp,0.57958
i24_21_2.bmp,0.5365077779999999
i08_01_3.bmp,0.5376344439999999
i02_03_2.bmp,0.49249222200000004
i01_02_4.bmp,0.52381
i17_10_1.bmp,0.6723644440000001
i24_12_1.bmp,0.631745556
i09_06_2.bmp,0.47916666700000005
i10_17_2.bmp,0.732193333
i25_12_3.bmp,0.5370366670000001
i16_16_3.bmp,0.631578889
i18_22_4.bmp,0.328042222
i08_01_4.bmp,0.45555555600000003
i16_11_3.bmp,0.321937778
i01_22_4.bmp,0.351351111
i03_19_3.bmp,0.522222222
i21_15_4.bmp,0.417988889
i25_03_3.bmp,0.36111111100000004
i22_02_5.bmp,0.508772222
i24_15_2.bmp,0.488888889
i05_10_2.bmp,0.57265
i10_14_3.bmp,0.616958889
i16_04_4.bmp,0.569801111
i05_23_5.bmp,0.604335556
i12_04_4.bmp,0.522522222
i01_22_1.bmp,0.6172844439999999
i07_23_5.bmp,0.293826667
i10_11_2.bmp,0.495726667
i11_18_1.bmp,0.506173333
i20_24_4.bmp,0.219373333
i22_07_4.bmp,0.43274888899999997
i03_05_4.bmp,0.47863222200000005
i03_06_5.bmp,0.38888888899999996
i19_04_1.bmp,0.654971111
i20_12_2.bmp,0.5897433329999999
i14_24_4.bmp,0.354354444
i24_20_1.bmp,0.6825399999999999
i02_15_5.bmp,0.46666666700000003
i16_17_2.bmp,0.7888888890000001
i05_04_4.bmp,0.547425556
i24_14_2.bmp,0.663492222
i07_06_2.bmp,0.512626667
i22_04_5.bmp,0.47863222200000005
i02_22_3.bmp,0.498412222
i06_23_2.bmp,0.6450622220000001
i24_15_4.bmp,0.40740777799999994
i12_21_2.bmp,0.54955
i08_21_3.bmp,0.476702222
i23_21_4.bmp,0.39047666700000006
i22_04_4.bmp,0.5555555560000001
i01_24_1.bmp,0.633633333
i19_24_3.bmp,0.404321111
i08_06_1.bmp,0.487455556
i10_11_3.bmp,0.40170888899999996
i12_22_2.bmp,0.570175556
i12_03_1.bmp,0.507507778
I15_11_1.BMP,0.6493822220000001
i14_14_5.bmp,0.374603333
i06_15_4.bmp,0.48949
i16_12_5.bmp,0.288888889
i09_15_4.bmp,0.399305556
i19_10_5.bmp,0.18420999999999998
i11_24_1.bmp,0.6576577779999999
i22_07_1.bmp,0.6210822220000001
i21_17_2.bmp,0.695766667
i05_24_2.bmp,0.623306667
i25_04_1.bmp,0.710437778
i02_12_2.bmp,0.49249222200000004
i13_24_4.bmp,0.42894111100000004
i17_03_5.bmp,0.321937778
i08_13_4.bmp,0.303703333
i18_06_5.bmp,0.355013333
i14_06_5.bmp,0.35185222200000005
i07_20_1.bmp,0.638888889
i09_22_5.bmp,0.302083333
i22_19_4.bmp,0.444444444
i05_10_3.bmp,0.5230355560000001
i04_07_5.bmp,0.328042222
i22_06_2.bmp,0.471471111
i03_21_5.bmp,0.233333333
i17_05_4.bmp,0.464387778
i16_14_4.bmp,0.614035556
i21_15_1.bmp,0.317073333
i23_01_4.bmp,0.453967778
i08_05_4.bmp,0.44086000000000003
i12_02_2.bmp,0.663663333
i23_01_2.bmp,0.561904444
i02_06_4.bmp,0.38730111100000003
i09_05_3.bmp,0.552083333
i09_14_3.bmp,0.697916667
i09_01_3.bmp,0.50505
i12_07_4.bmp,0.354354444
i04_19_4.bmp,0.49166666700000006
i03_07_1.bmp,0.552706667
i13_03_5.bmp,0.306877778
i16_13_3.bmp,0.495726667
i15_08_2.bmp,0.674074444
i20_16_1.bmp,0.6723644440000001
i18_12_4.bmp,0.547222222
i09_06_1.bmp,0.579861111
i25_19_2.bmp,0.47618999999999995
i15_03_3.bmp,0.401515556
i23_04_5.bmp,0.503267778
i16_19_2.bmp,0.5972222220000001
i06_02_4.bmp,0.5370366670000001
i15_17_4.bmp,0.701234444
i25_15_5.bmp,0.46031777799999996
i06_12_5.bmp,0.42642666700000004
i10_03_5.bmp,0.324786667
i17_01_4.bmp,0.48718
i02_24_5.bmp,0.09909888900000001
i22_08_1.bmp,0.605263333
i24_24_2.bmp,0.593651111
i03_10_4.bmp,0.36666666700000006
i10_07_1.bmp,0.6156155560000001
i24_09_2.bmp,0.588235556
i24_22_4.bmp,0.37037
i24_23_5.bmp,0.254902222
i03_23_5.bmp,0.219444444
i01_16_5.bmp,0.46604888899999997
i23_15_1.bmp,0.326984444
i23_09_3.bmp,0.6339866670000001
i12_05_2.bmp,0.6456455560000001
i15_06_1.bmp,0.49242444399999996
i21_20_4.bmp,0.542635556
i08_07_2.bmp,0.516128889
i05_13_4.bmp,0.330623333
i21_17_5.bmp,0.394444444
i02_20_4.bmp,0.444444444
i24_23_2.bmp,0.669753333
i16_01_5.bmp,0.43874666700000003
i19_01_3.bmp,0.511695556
i08_08_3.bmp,0.433692222
i24_19_1.bmp,0.619047778
i23_07_1.bmp,0.552287778
i14_13_3.bmp,0.40240222200000003
i14_14_1.bmp,0.672672222
i14_19_5.bmp,0.35873
i17_15_2.bmp,0.378917778
i14_22_5.bmp,0.36419777799999997
i11_09_5.bmp,0.219135556
i22_10_5.bmp,0.230994444
i19_03_2.bmp,0.45045
i25_09_1.bmp,0.648147778
i01_18_3.bmp,0.419047778
i17_04_5.bmp,0.526315556
i10_18_2.bmp,0.452991111
i23_14_5.bmp,0.4
i12_08_2.bmp,0.608186667
i19_09_2.bmp,0.654971111
i14_01_2.bmp,0.6327155560000001
i05_19_3.bmp,0.46944444399999996
i04_23_2.bmp,0.600528889
i10_21_1.bmp,0.611111111
i12_01_2.bmp,0.552468889
i10_21_5.bmp,0.279202222
i20_02_2.bmp,0.6438744439999999
i10_05_3.bmp,0.575498889
i14_10_1.bmp,0.641975556
i23_02_5.bmp,0.48039222200000004
i24_11_5.bmp,0.10185222199999999
i08_14_2.bmp,0.604166667
i12_19_2.bmp,0.612612222
i21_04_1.bmp,0.658914444
i17_11_5.bmp,0.11388888900000001
i17_04_2.bmp,0.663742222
i10_19_2.bmp,0.602338889
i21_23_1.bmp,0.679586667
i21_20_3.bmp,0.632275556
i20_07_4.bmp,0.415204444
i16_21_3.bmp,0.472934444
i22_15_1.bmp,0.33918111100000004
I06_11_1.BMP,0.6156155560000001
i08_07_1.bmp,0.611111111
i06_23_5.bmp,0.260317778
i06_01_5.bmp,0.40123444399999997
i06_13_5.bmp,0.3003
i12_24_4.bmp,0.219297778
i09_07_4.bmp,0.40740777799999994
i22_10_1.bmp,0.648648889
i10_17_1.bmp,0.634503333
i22_09_3.bmp,0.513513333
i06_02_2.bmp,0.642642222
i12_15_3.bmp,0.406432222
i03_23_4.bmp,0.295321111
i21_06_1.bmp,0.547425556
i23_19_1.bmp,0.634921111
i15_22_5.bmp,0.412345556
i19_04_5.bmp,0.498498889
i19_04_4.bmp,0.582582222
i13_06_2.bmp,0.47286777799999996
i25_18_4.bmp,0.444444444
i15_03_2.bmp,0.42377222200000003
i10_06_4.bmp,0.426901111
i24_16_5.bmp,0.542856667
i02_03_4.bmp,0.391975556
i22_23_1.bmp,0.702702222
i20_20_3.bmp,0.532163333
i20_18_1.bmp,0.623931111
i13_15_3.bmp,0.33862444399999997
i23_20_2.bmp,0.5653600000000001
i04_20_3.bmp,0.46560888899999997
i17_21_1.bmp,0.602777778
i06_05_4.bmp,0.44761888899999996
i07_04_5.bmp,0.4677
i09_07_1.bmp,0.542087778
i09_04_4.bmp,0.519713333
i22_16_5.bmp,0.584045556
i14_09_3.bmp,0.5
i14_23_4.bmp,0.5555555560000001
i25_08_1.bmp,0.614378889
i01_04_2.bmp,0.63964
i13_13_3.bmp,0.5323
i03_13_5.bmp,0.26900555600000003
i08_01_5.bmp,0.394265556
i25_05_3.bmp,0.512345556
i21_12_4.bmp,0.624338889
i17_06_1.bmp,0.47076
i09_09_3.bmp,0.5723911110000001
i14_06_4.bmp,0.41975333299999995
i25_14_3.bmp,0.5653600000000001
i12_23_3.bmp,0.54386
i06_19_3.bmp,0.54955
i01_18_2.bmp,0.469135556
i25_15_1.bmp,0.36419777799999997
i10_19_1.bmp,0.619883333
i18_18_3.bmp,0.484126667
i10_16_3.bmp,0.669515556
i15_12_3.bmp,0.469135556
i06_15_2.bmp,0.369368889
i13_13_2.bmp,0.547618889
i18_19_3.bmp,0.48611111100000004
i23_09_1.bmp,0.7441077779999999
i03_11_2.bmp,0.452991111
i16_14_5.bmp,0.5083333329999999
i13_14_2.bmp,0.600528889
i02_19_5.bmp,0.41741777799999996
i14_24_5.bmp,0.10210222199999999
i02_08_2.bmp,0.574074444
i04_24_5.bmp,0.065041111
i03_15_1.bmp,0.413888889
i18_11_5.bmp,0.111111111
i20_24_5.bmp,0.093567778
i12_09_3.bmp,0.526315556
i15_12_1.bmp,0.62963
i16_19_3.bmp,0.5128199999999999
i09_23_4.bmp,0.5347222220000001
i10_18_4.bmp,0.403508889
i11_15_4.bmp,0.408408889
i11_20_1.bmp,0.669841111
i11_02_3.bmp,0.6049377779999999
i16_18_2.bmp,0.488304444
i13_14_3.bmp,0.637566667
i19_18_5.bmp,0.45045
i01_06_5.bmp,0.32716
i19_05_5.bmp,0.353801111
i10_10_5.bmp,0.270655556
i25_24_3.bmp,0.514285556
i16_23_5.bmp,0.16959111100000002
I03_13_1.BMP,0.569801111
i19_14_1.bmp,0.623456667
i03_10_3.bmp,0.561253333
i03_22_2.bmp,0.595441111
i21_16_1.bmp,0.680216667
i25_15_3.bmp,0.391975556
i11_12_4.bmp,0.41975333299999995
i06_07_3.bmp,0.48949
i23_19_2.bmp,0.552381111
i11_12_5.bmp,0.22530888899999998
i19_15_4.bmp,0.409356667
i10_15_2.bmp,0.358974444
i15_05_4.bmp,0.45202
i19_14_4.bmp,0.5467833329999999
I03_01_1.bmp,0.641025556
i15_23_5.bmp,0.374676667
i18_13_4.bmp,0.322493333
i05_23_2.bmp,0.619444444
i25_23_2.bmp,0.697531111
i14_15_5.bmp,0.441441111
i19_16_5.bmp,0.490741111
i11_21_4.bmp,0.42901222200000005
I02_01_1.bmp,0.638095556
i09_18_2.bmp,0.47811444399999997
i06_17_5.bmp,0.375375556
i11_18_5.bmp,0.39039
i12_14_1.bmp,0.616958889
i20_05_1.bmp,0.669591111
i05_22_2.bmp,0.583333333
i04_22_2.bmp,0.642856667
i11_16_2.bmp,0.6576577779999999
i13_21_3.bmp,0.566137778
i17_03_2.bmp,0.492877778
i13_05_1.bmp,0.595237778
i16_04_2.bmp,0.646723333
i22_12_2.bmp,0.641025556
i20_12_4.bmp,0.472934444
i12_16_5.bmp,0.630631111
i08_04_4.bmp,0.604166667
i11_23_4.bmp,0.5855855560000001
i07_13_4.bmp,0.30303
i17_12_2.bmp,0.6581199999999999
I22_01_1.bmp,0.646198889
i12_09_4.bmp,0.381381111
i21_12_2.bmp,0.529715556
i21_02_2.bmp,0.614986667
i16_18_3.bmp,0.45
i12_20_3.bmp,0.49249222200000004
i05_05_1.bmp,0.625
i25_05_1.bmp,0.5925922220000001
i14_21_5.bmp,0.294294444
I16_11_1.BMP,0.6527777779999999
i12_17_5.bmp,0.447368889
i18_10_4.bmp,0.38888888899999996
i02_05_5.bmp,0.37963
i09_17_3.bmp,0.53125
i01_21_1.bmp,0.633633333
i15_12_2.bmp,0.60101
i04_16_5.bmp,0.57265
i24_12_5.bmp,0.28703666699999997
i04_20_2.bmp,0.580555556
i08_07_5.bmp,0.265233333
i02_07_1.bmp,0.6571433329999999
i08_11_2.bmp,0.583333333
i02_17_2.bmp,0.631745556
i14_20_1.bmp,0.635802222
i07_21_2.bmp,0.5505055560000001
i04_04_1.bmp,0.680555556
i21_22_2.bmp,0.608465556
i07_07_4.bmp,0.402468889
i06_15_1.bmp,0.40240222200000003
i11_22_4.bmp,0.405405556
i24_21_3.bmp,0.46031777799999996
i11_08_3.bmp,0.41741777799999996
i23_11_4.bmp,0.249157778
i13_10_3.bmp,0.49722222200000005
i02_02_3.bmp,0.654321111
I21_01_1.bmp,0.6124033329999999
i05_21_3.bmp,0.48509444399999996
i24_17_1.bmp,0.638888889
i18_04_1.bmp,0.686111111
i14_04_4.bmp,0.51746
i05_06_5.bmp,0.279202222
i24_19_5.bmp,0.428571111
i16_14_3.bmp,0.623931111
i15_02_3.bmp,0.626262222
i24_16_2.bmp,0.679012222
i23_23_4.bmp,0.417508889
i19_11_5.bmp,0.137426667
i18_01_5.bmp,0.444444444
i05_24_1.bmp,0.6138888889999999
i11_22_1.bmp,0.618618889
i13_04_3.bmp,0.6175711110000001
i09_23_3.bmp,0.670033333
i08_10_1.bmp,0.663082222
i17_11_4.bmp,0.307692222
i02_17_4.bmp,0.530158889
i15_22_2.bmp,0.644444444
i15_21_2.bmp,0.506173333
i09_21_2.bmp,0.5347222220000001
i05_09_5.bmp,0.151761111
i01_08_2.bmp,0.49691333299999996
i07_23_2.bmp,0.6370366670000001
i18_19_2.bmp,0.563492222
i04_01_5.bmp,0.444444444
i11_05_4.bmp,0.46604888899999997
i20_04_2.bmp,0.608186667
i08_06_2.bmp,0.45486111100000004
i15_07_4.bmp,0.323456667
i03_08_5.bmp,0.327777778
i20_11_5.bmp,0.082621111
i01_06_3.bmp,0.414414444
i14_10_5.bmp,0.20679
i11_23_5.bmp,0.306306667
i05_21_2.bmp,0.547222222
i24_01_4.bmp,0.46031777799999996
i07_16_3.bmp,0.659258889
i04_13_5.bmp,0.26455
i01_12_4.bmp,0.42592555600000004
i18_14_1.bmp,0.550135556
i21_05_2.bmp,0.656331111
i05_15_2.bmp,0.34444444399999996
i23_24_4.bmp,0.19191888899999998
i21_23_4.bmp,0.582011111
i08_06_5.bmp,0.340502222
i08_05_1.bmp,0.5925922220000001
i07_10_4.bmp,0.41161666700000005
i22_07_3.bmp,0.508772222
i25_10_1.bmp,0.650793333
i02_14_2.bmp,0.675675556
i04_12_5.bmp,0.295393333
i22_14_4.bmp,0.513513333
i17_09_2.bmp,0.6783622220000001
i25_07_4.bmp,0.30158777800000003
i03_03_3.bmp,0.427777778
i10_02_2.bmp,0.648648889
i12_06_4.bmp,0.45345333299999996
i07_05_1.bmp,0.6716044440000001
i07_05_5.bmp,0.368686667
i19_08_5.bmp,0.25225222199999997
i08_23_1.bmp,0.670251111
i21_20_2.bmp,0.630491111
i13_05_4.bmp,0.462963333
i04_02_5.bmp,0.504065556
i15_17_3.bmp,0.5555555560000001
i25_17_3.bmp,0.498412222
i12_10_4.bmp,0.345028889
i15_23_2.bmp,0.656565556
i09_22_2.bmp,0.643097778
i25_09_5.bmp,0.148147778
i12_17_1.bmp,0.695906667
i05_01_4.bmp,0.45014222200000004
i02_02_5.bmp,0.48765444399999996
i20_03_5.bmp,0.295321111
i11_20_4.bmp,0.5432100000000001
i13_19_1.bmp,0.582655556
i25_20_4.bmp,0.552468889
i07_13_5.bmp,0.279012222
i10_03_4.bmp,0.367521111
i15_11_5.bmp,0.072351111
i14_17_2.bmp,0.7147144440000001
i02_01_3.bmp,0.580246667
i20_22_4.bmp,0.45645666700000004
i05_03_2.bmp,0.49864444399999996
i14_23_3.bmp,0.623456667
i07_06_1.bmp,0.5370366670000001
i02_09_4.bmp,0.405405556
i05_02_2.bmp,0.631436667
i16_20_1.bmp,0.675213333
i13_10_4.bmp,0.36175666700000003
i01_17_3.bmp,0.45345333299999996
i13_03_3.bmp,0.462963333
i16_17_5.bmp,0.373218889
i09_11_2.bmp,0.572916667
i23_04_2.bmp,0.6274511110000001
i11_04_4.bmp,0.57716
i03_14_3.bmp,0.538888889
i16_22_4.bmp,0.44151999999999997
i17_05_3.bmp,0.581871111
i18_02_1.bmp,0.661246667
i07_21_4.bmp,0.37626222200000004
i13_12_4.bmp,0.584655556
i07_18_1.bmp,0.598484444
i06_21_1.bmp,0.633633333
i13_20_1.bmp,0.630491111
i05_10_1.bmp,0.636856667
i06_09_5.bmp,0.184126667
i02_01_4.bmp,0.46604888899999997
i25_21_5.bmp,0.32381
i04_21_4.bmp,0.357723333
i10_22_1.bmp,0.663742222
i12_22_4.bmp,0.38888888899999996
i09_05_5.bmp,0.399305556
i14_07_3.bmp,0.475308889
i08_20_1.bmp,0.65233
i22_22_2.bmp,0.5945944439999999
i25_11_3.bmp,0.595678889
i19_20_2.bmp,0.634503333
i22_10_3.bmp,0.5555555560000001
i06_18_3.bmp,0.432098889
i20_20_2.bmp,0.6068377779999999
i05_23_1.bmp,0.636856667
i22_11_4.bmp,0.292397778
i03_20_2.bmp,0.6068377779999999
i25_06_3.bmp,0.411764444
i20_08_4.bmp,0.380116667
i12_11_5.bmp,0.090643333
i12_07_5.bmp,0.33642
i02_21_3.bmp,0.5111111110000001
i04_07_4.bmp,0.349206667
i01_13_3.bmp,0.36419777799999997
i20_09_3.bmp,0.5925922220000001
i25_24_4.bmp,0.44753111100000004
i15_21_4.bmp,0.34596
i09_07_3.bmp,0.458781111
i09_06_3.bmp,0.462365556
i11_14_1.bmp,0.648147778
i24_13_2.bmp,0.41587333299999996
i04_05_5.bmp,0.411924444
i23_23_2.bmp,0.656862222
i22_20_1.bmp,0.634503333
i20_08_2.bmp,0.588588889
i07_10_5.bmp,0.247474444
i15_24_3.bmp,0.358585556
i23_09_5.bmp,0.294117778
i09_02_5.bmp,0.50505
i17_01_5.bmp,0.430198889
i05_22_1.bmp,0.586111111
i11_09_2.bmp,0.6516511110000001
i01_03_5.bmp,0.30158777800000003
i06_13_2.bmp,0.5365077779999999
i22_17_2.bmp,0.666666667
i09_10_1.bmp,0.666666667
i15_23_1.bmp,0.656565556
i07_11_3.bmp,0.381313333
I12_01_1.bmp,0.660661111
i13_19_4.bmp,0.501355556
i05_20_5.bmp,0.36467222200000005
i16_18_4.bmp,0.43589777799999996
i16_05_5.bmp,0.37719333299999996
i24_03_3.bmp,0.425396667
i06_24_3.bmp,0.5345344439999999
i21_21_5.bmp,0.303523333
i04_17_3.bmp,0.531165556
i22_15_3.bmp,0.35735777799999996
i18_23_3.bmp,0.675
i21_23_5.bmp,0.31745999999999996
i13_15_5.bmp,0.411924444
i25_21_1.bmp,0.574603333
i20_23_5.bmp,0.35042777799999997
i09_17_4.bmp,0.707071111
i05_06_1.bmp,0.48611111100000004
i07_02_2.bmp,0.651515556
i24_03_4.bmp,0.36507888899999996
i19_09_1.bmp,0.675675556
i15_14_4.bmp,0.558201111
i02_10_4.bmp,0.38888888899999996
i10_09_3.bmp,0.575498889
i23_19_4.bmp,0.43174555600000003
i18_18_2.bmp,0.533333333
i24_23_4.bmp,0.5653600000000001
i11_13_4.bmp,0.305555556
i14_09_4.bmp,0.321321111
i05_22_3.bmp,0.528455556
i02_01_2.bmp,0.593651111
i17_23_1.bmp,0.655555556
i24_10_3.bmp,0.51746
i04_06_1.bmp,0.558201111
i05_19_1.bmp,0.575
i09_05_1.bmp,0.659497778
i09_22_1.bmp,0.635416667
i03_16_4.bmp,0.675
i22_17_1.bmp,0.5925922220000001
i23_16_4.bmp,0.577777778
i14_11_3.bmp,0.471471111
i23_17_3.bmp,0.5365077779999999
i15_08_1.bmp,0.6617288889999999
i10_20_1.bmp,0.649572222
i11_15_2.bmp,0.376543333
i18_07_1.bmp,0.619047778
i08_02_3.bmp,0.6006944439999999
i19_05_4.bmp,0.444444444
i07_22_2.bmp,0.581395556
i21_12_5.bmp,0.22486777800000002
i07_06_5.bmp,0.368686667
i05_05_5.bmp,0.324786667
i13_13_5.bmp,0.267195556
i08_21_5.bmp,0.29749111100000003
i06_05_1.bmp,0.6576577779999999
i18_21_3.bmp,0.5
i24_06_5.bmp,0.36507888899999996
i06_11_4.bmp,0.34234222200000003
i03_08_1.bmp,0.7046788890000001
I07_01_1.bmp,0.6313133329999999
i19_07_1.bmp,0.597597778
i24_15_3.bmp,0.43174555600000003
i08_09_4.bmp,0.38888888899999996
i15_04_4.bmp,0.641975556
i24_06_1.bmp,0.5163399999999999
i17_10_2.bmp,0.658333333
i03_10_5.bmp,0.27635333300000003
i16_08_5.bmp,0.325
i15_04_5.bmp,0.55303
i17_09_4.bmp,0.42450111100000004
i16_10_1.bmp,0.655555556
i19_13_2.bmp,0.450292222
i09_11_5.bmp,0.09764333300000001
i11_07_3.bmp,0.503086667
i05_24_4.bmp,0.43902444399999996
i20_13_3.bmp,0.42450111100000004
i06_24_5.bmp,0.09876555599999999
i14_12_1.bmp,0.6456455560000001
i08_14_1.bmp,0.6284722220000001
i16_08_3.bmp,0.475
i15_17_1.bmp,0.6590911110000001
i01_05_3.bmp,0.564814444
i05_07_3.bmp,0.504273333
i17_18_3.bmp,0.45869
i15_01_4.bmp,0.47545222200000004
i07_04_4.bmp,0.550135556
i20_10_1.bmp,0.6812866670000001
i21_06_4.bmp,0.38888888899999996
i15_21_3.bmp,0.43456777799999996
i24_09_5.bmp,0.222222222
i06_21_4.bmp,0.404321111
i14_21_1.bmp,0.588588889
i17_18_4.bmp,0.42450111100000004
i02_17_3.bmp,0.537537778
i06_08_4.bmp,0.3003
i19_22_3.bmp,0.488888889
i02_16_4.bmp,0.570987778
i15_24_2.bmp,0.534883333
i11_10_3.bmp,0.558642222
i13_18_1.bmp,0.43902444399999996
i06_09_2.bmp,0.6516511110000001
i18_10_1.bmp,0.6747966670000001
i05_13_5.bmp,0.219297778
i13_24_2.bmp,0.57672
i02_03_5.bmp,0.324324444
i17_24_2.bmp,0.6138888889999999
i23_24_1.bmp,0.6503266670000001
i22_06_3.bmp,0.418128889
i16_09_1.bmp,0.669515556
i05_03_1.bmp,0.566395556
I03_11_1.BMP,0.596491111
i02_06_3.bmp,0.414414444
i07_05_3.bmp,0.573232222
i01_21_3.bmp,0.51952
i17_03_4.bmp,0.37222222200000005
i21_19_2.bmp,0.5323
i21_05_1.bmp,0.633074444
i08_16_4.bmp,0.544803333
i11_14_3.bmp,0.588588889
i20_22_3.bmp,0.502924444
i09_10_4.bmp,0.354838889
i07_11_4.bmp,0.269135556
i01_11_3.bmp,0.521604444
i20_24_2.bmp,0.564327778
i09_16_5.bmp,0.518518889
i04_15_2.bmp,0.37830666700000004
i12_01_5.bmp,0.418128889
i11_10_1.bmp,0.6456455560000001
i04_17_1.bmp,0.666666667
i03_21_2.bmp,0.492877778
i15_23_3.bmp,0.59596
